{
	"title": "17 PYGMIES",
	"studioalbums": [
		{
			"link": "http://www.progarchives.com/album.asp?id=38733",
			"result": 5.434273895589971,
			"title": "Jedda by the Sea",
			"year": "1984"
		},
		{
			"link": "http://www.progarchives.com/album.asp?id=38734",
			"title": "Captured in Ice",
			"year": "1985"
		},
		{
			"link": "http://www.progarchives.com/album.asp?id=38735",
			"title": "Welcome",
			"year": "1988"
		},
		{
			"link": "http://www.progarchives.com/album.asp?id=38736",
			"title": "Missyfish",
			"year": "1991"
		},
		{
			"link": "http://www.progarchives.com/album.asp?id=38737",
			"title": "13 Blackbirds",
			"year": "2007"
		},
		{
			"link": "http://www.progarchives.com/album.asp?id=38738",
			"title": "Ballade Of Tristram's Last Harping",
			"year": "2007"
		},
		{
			"link": "http://www.progarchives.com/album.asp?id=38739",
			"result": 1.2963625006283694,
			"title": "Celestina",
			"year": "2008"
		},
		{
			"link": "http://www.progarchives.com/album.asp?id=38740",
			"title": "The Outlaw J. D. Ray",
			"year": "2009"
		},
		{
			"link": "http://www.progarchives.com/album.asp?id=38741",
			"result": 4.031907099411963,
			"title": "CII: Second Son",
			"year": "2011"
		},
		{
			"link": "http://www.progarchives.com/album.asp?id=38742",
			"result": 6.244619100244309,
			"title": "CIII: Even Celestina Gets The Blues",
			"year": "2012"
		},
		{
			"link": "http://www.progarchives.com/album.asp?id=42401",
			"result": 8.523086452862271,
			"title": "Isabel",
			"year": "2013"
		},
		{
			"link": "http://www.progarchives.com/album.asp?id=53932",
			"result": 0,
			"title": "Isabel II: Abaddon Rising",
			"year": "2015"
		}
	],
	"livealbums": []
}