{
	"title": "1974",
	"studioalbums": [
		{
			"link": "http://www.progarchives.com/album.asp?id=47808",
			"result": 3.295836866004329,
			"title": "1974 & The Battle For The Lazer Fortress",
			"year": "2011"
		},
		{
			"link": "http://www.progarchives.com/album.asp?id=47806",
			"result": 5.438130828907144,
			"title": "1974 & The Death Of The Herald",
			"year": "2013"
		},
		{
			"link": "http://www.progarchives.com/album.asp?id=53900",
			"title": "1974 & The Echoes Of War",
			"year": "2016"
		}
	],
	"livealbums": []
}