{
	"title": "3RDEGREE",
	"studioalbums": [
		{
			"link": "http://www.progarchives.com/album.asp?id=19533",
			"result": 8.182188450302302,
			"title": "The World In Which We Live",
			"year": "1993"
		},
		{
			"link": "http://www.progarchives.com/album.asp?id=19534",
			"result": 11.568387399675194,
			"title": "Human Interest Story",
			"year": "1996"
		},
		{
			"link": "http://www.progarchives.com/album.asp?id=19539",
			"result": 15.346278577597188,
			"title": "Narrow-Caster",
			"year": "2008"
		},
		{
			"link": "http://www.progarchives.com/album.asp?id=38167",
			"result": 21.45173021592779,
			"title": "The Long Division",
			"year": "2012"
		},
		{
			"link": "http://www.progarchives.com/album.asp?id=49710",
			"result": 23.71365791997808,
			"title": "Ones & Zeros: vol. 1",
			"year": "2015"
		}
	],
	"livealbums": []
}