{
	"title": "90 DAY MEN",
	"studioalbums": [
		{
			"link": "http://www.progarchives.com/album.asp?id=13776",
			"result": 2.933294810743853,
			"title": "1975-1977-1998",
			"year": "1998"
		},
		{
			"link": "http://www.progarchives.com/album.asp?id=13774",
			"result": 4.2143348578044675,
			"title": "(It (Is) It)",
			"year": "2000"
		},
		{
			"link": "http://www.progarchives.com/album.asp?id=13773",
			"result": 8.172205258801755,
			"title": "To Everybody",
			"year": "2002"
		},
		{
			"link": "http://www.progarchives.com/album.asp?id=13772",
			"result": 5.593697747118758,
			"title": "Panda Park",
			"year": "2004"
		}
	],
	"livealbums": []
}