{
	"title": "ABACUS",
	"studioalbums": [
		{
			"link": "http://www.progarchives.com/album.asp?id=2458",
			"result": 13.31569133161941,
			"title": "Abacus",
			"year": "1971"
		},
		{
			"link": "http://www.progarchives.com/album.asp?id=2460",
			"result": 6.350952419934461,
			"title": "Everything You Need",
			"year": "1972"
		},
		{
			"link": "http://www.progarchives.com/album.asp?id=2461",
			"result": 7.917171988845775,
			"title": "Just A Day's Journey Away",
			"year": "1972"
		},
		{
			"link": "http://www.progarchives.com/album.asp?id=2462",
			"result": 7.650605886867125,
			"title": "Midway",
			"year": "1973"
		},
		{
			"link": "http://www.progarchives.com/album.asp?id=2459",
			"result": 5.1075169310605295,
			"title": "Fire Behind Bars",
			"year": "2001"
		},
		{
			"link": "http://www.progarchives.com/album.asp?id=30081",
			"result": 8.329647231525275,
			"title": "Destiny",
			"year": "2010"
		},
		{
			"link": "http://www.progarchives.com/album.asp?id=52254",
			"result": 9.07992072541384,
			"title": "European Stories",
			"year": "2016"
		}
	],
	"livealbums": []
}