{
	"title": "ABIOGENESI",
	"studioalbums": [
		{
			"link": "http://www.progarchives.com/album.asp?id=1505",
			"result": 10.851399566173063,
			"title": "Abiogenesi",
			"year": "1995"
		},
		{
			"link": "http://www.progarchives.com/album.asp?id=1506",
			"result": 9.613142029944363,
			"title": "Il Giocoscuro",
			"year": "1996"
		},
		{
			"link": "http://www.progarchives.com/album.asp?id=1504",
			"result": 8.556304299049772,
			"title": "Le Notti Di Salem",
			"year": "2000"
		},
		{
			"link": "http://www.progarchives.com/album.asp?id=11055",
			"result": 9.431306166863829,
			"title": "Io Sono Il Vampiro",
			"year": "2005"
		},
		{
			"link": "http://www.progarchives.com/album.asp?id=30225",
			"result": 3.295836866004329,
			"title": "Impetus Insectorum",
			"year": "2010"
		}
	],
	"livealbums": []
}