{
	"title": "ABRAHAM, LEE",
	"studioalbums": [
		{
			"link": "http://www.progarchives.com/album.asp?id=34412",
			"result": 7.278045395879425,
			"title": "Pictures In The Hall",
			"year": "2003"
		},
		{
			"link": "http://www.progarchives.com/album.asp?id=34413",
			"result": 13.026585971766055,
			"title": "View From The Bridge",
			"year": "2005"
		},
		{
			"link": "http://www.progarchives.com/album.asp?id=53890",
			"result": 2.772588722239781,
			"title": "Lee Abraham & Steve Kingman: Idle Noise",
			"year": "2008"
		},
		{
			"link": "http://www.progarchives.com/album.asp?id=34414",
			"result": 15.020259922322618,
			"title": "Black And White",
			"year": "2009"
		},
		{
			"link": "http://www.progarchives.com/album.asp?id=44574",
			"result": 17.133724141574877,
			"title": "Distant Days",
			"year": "2014"
		},
		{
			"link": "http://www.progarchives.com/album.asp?id=51920",
			"result": 18.718478050094284,
			"title": "The Seasons Turn",
			"year": "2016"
		}
	],
	"livealbums": []
}