{
	"title": "AFTER...",
	"studioalbums": [
		{
			"link": "http://www.progarchives.com/album.asp?id=25883",
			"result": 12.029258281732485,
			"title": "Endless Lunatic",
			"year": "2005"
		},
		{
			"link": "http://www.progarchives.com/album.asp?id=25884",
			"result": 11.10697023843459,
			"title": "Hideout",
			"year": "2008"
		},
		{
			"link": "http://www.progarchives.com/album.asp?id=34641",
			"result": 9.334948209142114,
			"title": "No Attachments",
			"year": "2011"
		}
	],
	"livealbums": [
		{
			"link": "http://www.progarchives.com/album.asp?id=32139",
			"result": 7.081526814710042,
			"title": "Live At Home",
			"year": "2011"
		}
	]
}