{
	"title": "AHOORA",
	"studioalbums": [
		{
			"link": "http://www.progarchives.com/album.asp?id=31905",
			"result": 2.772588722239781,
			"title": "Ahoora",
			"year": "2006"
		},
		{
			"link": "http://www.progarchives.com/album.asp?id=31907",
			"result": 3.295836866004329,
			"title": "All In Blood With You",
			"year": "2008"
		},
		{
			"link": "http://www.progarchives.com/album.asp?id=31908",
			"result": 10.369481821176782,
			"title": "Awkward Diary",
			"year": "2010"
		}
	],
	"livealbums": []
}