{
	"title": "ALIAS EYE",
	"studioalbums": [
		{
			"link": "http://www.progarchives.com/album.asp?id=4228",
			"result": 15.353792108332877,
			"title": "Field Of Names",
			"year": "2001"
		},
		{
			"link": "http://www.progarchives.com/album.asp?id=4229",
			"result": 14.918859178309491,
			"title": "Different Point of You",
			"year": "2003"
		},
		{
			"link": "http://www.progarchives.com/album.asp?id=13847",
			"result": 9.230206493185314,
			"title": "In Focus",
			"year": "2007"
		},
		{
			"link": "http://www.progarchives.com/album.asp?id=36286",
			"result": 11.778576111384051,
			"title": "In-Between",
			"year": "2012"
		}
	],
	"livealbums": []
}