{
	"title": "ALUX NAHUAL",
	"studioalbums": [
		{
			"link": "http://www.progarchives.com/album.asp?id=16621",
			"result": 9.735454807561384,
			"title": "Alux Nahual",
			"year": "1981"
		},
		{
			"link": "http://www.progarchives.com/album.asp?id=16622",
			"result": 9.735454807561384,
			"title": "Conquista",
			"year": "1982"
		},
		{
			"link": "http://www.progarchives.com/album.asp?id=16625",
			"result": 6.790768388374328,
			"title": "Hermanos De Sentimiento",
			"year": "1984"
		},
		{
			"link": "http://www.progarchives.com/album.asp?id=16634",
			"result": 4.586898050437186,
			"title": "Centroamérica",
			"year": "1986"
		},
		{
			"link": "http://www.progarchives.com/album.asp?id=16643",
			"result": 8.056068017088997,
			"title": "¡Alto al fuego!",
			"year": "1987"
		},
		{
			"link": "http://www.progarchives.com/album.asp?id=16653",
			"result": 3.54891356446692,
			"title": "La Trampa",
			"year": "1989"
		},
		{
			"link": "http://www.progarchives.com/album.asp?id=24136",
			"result": 7.16703787691222,
			"title": "Americamorfosis",
			"year": "1993"
		},
		{
			"link": "http://www.progarchives.com/album.asp?id=26821",
			"result": 2.044784182651839,
			"title": "Se Cantan Retratos",
			"year": "1996"
		},
		{
			"link": "http://www.progarchives.com/album.asp?id=47349",
			"title": "Murciélago Danzante",
			"year": "2012"
		},
		{
			"link": "http://www.progarchives.com/album.asp?id=51437",
			"result": 2.6755481169613886,
			"title": "Sueños De Jade",
			"year": "2016"
		}
	],
	"livealbums": [
		{
			"link": "http://www.progarchives.com/album.asp?id=29945",
			"result": 0,
			"title": "La Historia del Duende en Concierto",
			"year": "2002"
		},
		{
			"link": "http://www.progarchives.com/album.asp?id=47356",
			"result": 0,
			"title": "Sinfónico",
			"year": "2014"
		}
	]
}