{
	"title": "AMAROK",
	"studioalbums": [
		{
			"link": "http://www.progarchives.com/album.asp?id=9419",
			"result": 11.813274277266295,
			"title": "Amarok",
			"year": "2002"
		},
		{
			"link": "http://www.progarchives.com/album.asp?id=9420",
			"result": 6.489321874377687,
			"title": "Neo Way",
			"year": "2002"
		},
		{
			"link": "http://www.progarchives.com/album.asp?id=9421",
			"result": 7.60962106509721,
			"title": "Metanoia",
			"year": "2004"
		},
		{
			"link": "http://www.progarchives.com/album.asp?id=54768",
			"title": "Hunt",
			"year": "2017"
		}
	],
	"livealbums": []
}