{
	"title": "AMAZING, THE",
	"studioalbums": [
		{
			"link": "http://www.progarchives.com/album.asp?id=39074",
			"title": "The Amazing",
			"year": "2009"
		},
		{
			"link": "http://www.progarchives.com/album.asp?id=39075",
			"result": 2.0794415416798357,
			"title": "Wait For A Light To Come",
			"year": "2010"
		},
		{
			"link": "http://www.progarchives.com/album.asp?id=39076",
			"result": 10.450667025276424,
			"title": "Gentle Stream",
			"year": "2011"
		},
		{
			"link": "http://www.progarchives.com/album.asp?id=48177",
			"result": 8.818900906167196,
			"title": "Picture You",
			"year": "2015"
		},
		{
			"link": "http://www.progarchives.com/album.asp?id=53528",
			"result": 4.852030263919617,
			"title": "Ambulance",
			"year": "2016"
		}
	],
	"livealbums": []
}