{
	"title": "AMOS, TORI",
	"studioalbums": [
		{
			"link": "http://www.progarchives.com/album.asp?id=30029",
			"result": 16.259461872288025,
			"title": "Little Earthquakes",
			"year": "1992"
		},
		{
			"link": "http://www.progarchives.com/album.asp?id=30030",
			"result": 12.610581251644069,
			"title": "Under The Pink",
			"year": "1994"
		},
		{
			"link": "http://www.progarchives.com/album.asp?id=30031",
			"result": 13.419586667806172,
			"title": "Boys For Pele",
			"year": "1996"
		},
		{
			"link": "http://www.progarchives.com/album.asp?id=30032",
			"result": 14.958690174616029,
			"title": "From The Choirgirl Hotel",
			"year": "1998"
		},
		{
			"link": "http://www.progarchives.com/album.asp?id=30033",
			"result": 12.301504292753371,
			"title": "To Venus And Back",
			"year": "1999"
		},
		{
			"link": "http://www.progarchives.com/album.asp?id=30034",
			"result": 9.363494673592323,
			"title": "Strange Little Girls",
			"year": "2001"
		},
		{
			"link": "http://www.progarchives.com/album.asp?id=30035",
			"result": 12.932336879260454,
			"title": "Scarlet's Walk",
			"year": "2002"
		},
		{
			"link": "http://www.progarchives.com/album.asp?id=30036",
			"result": 10.452723300778876,
			"title": "The Beekeeper",
			"year": "2005"
		},
		{
			"link": "http://www.progarchives.com/album.asp?id=30037",
			"result": 9.926347459523425,
			"title": "American Doll Posse",
			"year": "2007"
		},
		{
			"link": "http://www.progarchives.com/album.asp?id=30038",
			"result": 13.33069045105673,
			"title": "Abnormally Attracted To Sin",
			"year": "2009"
		},
		{
			"link": "http://www.progarchives.com/album.asp?id=34611",
			"result": 14.217336437321665,
			"title": "Night Of Hunters",
			"year": "2011"
		},
		{
			"link": "http://www.progarchives.com/album.asp?id=39115",
			"result": 12.392671925742572,
			"title": "Gold Dust",
			"year": "2012"
		},
		{
			"link": "http://www.progarchives.com/album.asp?id=45457",
			"result": 13.186510865222962,
			"title": "Unrepentant Geraldines",
			"year": "2014"
		}
	],
	"livealbums": []
}