{
	"title": "ANDERSON, LAURIE",
	"studioalbums": [
		{
			"link": "http://www.progarchives.com/album.asp?id=39083",
			"result": 0,
			"title": "Laurie Anderson, William S. Burroughs & John Giorno: You're The Guy I Want To Share My Money With",
			"year": "1981"
		},
		{
			"link": "http://www.progarchives.com/album.asp?id=32013",
			"result": 15.31456558595638,
			"title": "Big Science",
			"year": "1982"
		},
		{
			"link": "http://www.progarchives.com/album.asp?id=32015",
			"result": 14.317023729941615,
			"title": "Mister Heartbreak",
			"year": "1984"
		},
		{
			"link": "http://www.progarchives.com/album.asp?id=32017",
			"result": 9.712026576337719,
			"title": "Strange Angels",
			"year": "1989"
		},
		{
			"link": "http://www.progarchives.com/album.asp?id=32018",
			"result": 13.198751275840008,
			"title": "Bright Red",
			"year": "1994"
		},
		{
			"link": "http://www.progarchives.com/album.asp?id=32020",
			"result": 9.591581091193483,
			"title": "Life On A String",
			"year": "2001"
		},
		{
			"link": "http://www.progarchives.com/album.asp?id=32356",
			"result": 10.263510262177377,
			"title": "Homeland",
			"year": "2010"
		},
		{
			"link": "http://www.progarchives.com/album.asp?id=50579",
			"result": 4.1588830833596715,
			"title": "Heart Of A Dog (OST)",
			"year": "2015"
		}
	],
	"livealbums": [
		{
			"link": "http://www.progarchives.com/album.asp?id=32014",
			"result": 3.295836866004329,
			"title": "United States Live",
			"year": "1984"
		},
		{
			"link": "http://www.progarchives.com/album.asp?id=32016",
			"result": 6.907755278982138,
			"title": "Home Of The Brave",
			"year": "1986"
		},
		{
			"link": "http://www.progarchives.com/album.asp?id=32357",
			"result": 6.244619100244309,
			"title": "The Ugly One with the Jewels and Other Stories: A Reading from Stories From the Nerve Bible",
			"year": "1995"
		},
		{
			"link": "http://www.progarchives.com/album.asp?id=32122",
			"result": 0,
			"title": "Live at Town Hall New York City September 19-20, 2001",
			"year": "2002"
		}
	]
}