{
	"title": "ANUBIS SPIRE",
	"studioalbums": [
		{
			"link": "http://www.progarchives.com/album.asp?id=26313",
			"result": 5.19860385419959,
			"title": "Old Lions (In the World of Snarling Sheeps)",
			"year": "1998"
		},
		{
			"link": "http://www.progarchives.com/album.asp?id=26315",
			"result": 5.545177444479562,
			"title": "Children of a Foreign Fate",
			"year": "2006"
		},
		{
			"link": "http://www.progarchives.com/album.asp?id=51278",
			"result": 8.728338792986069,
			"title": "Between The Two Eternities",
			"year": "2016"
		},
		{
			"link": "http://www.progarchives.com/album.asp?id=54284",
			"result": 5.19860385419959,
			"title": "Spooky Action at a Distance",
			"year": "2017"
		}
	],
	"livealbums": []
}