{
	"title": "APOGEE",
	"studioalbums": [
		{
			"link": "http://www.progarchives.com/album.asp?id=94",
			"result": 10.50360241014581,
			"title": "The Border of Awareness",
			"year": "1995"
		},
		{
			"link": "http://www.progarchives.com/album.asp?id=95",
			"result": 13.50285627824576,
			"title": "Sisyphos",
			"year": "1998"
		},
		{
			"link": "http://www.progarchives.com/album.asp?id=96",
			"result": 10.058493717478653,
			"title": "On the Aftertaste",
			"year": "2000"
		},
		{
			"link": "http://www.progarchives.com/album.asp?id=3990",
			"result": 12.458994570949955,
			"title": "The Garden of Delights",
			"year": "2003"
		},
		{
			"link": "http://www.progarchives.com/album.asp?id=23882",
			"result": 11.963887823595714,
			"title": "Mystery Remains",
			"year": "2009"
		},
		{
			"link": "http://www.progarchives.com/album.asp?id=38801",
			"result": 5.195580097977686,
			"title": "Die Gläserne Wand und Schleifen (feat. Gerald Heimann)",
			"year": "2012"
		},
		{
			"link": "http://www.progarchives.com/album.asp?id=39903",
			"result": 12.385202152920142,
			"title": "Waiting for the Challenge",
			"year": "2012"
		},
		{
			"link": "http://www.progarchives.com/album.asp?id=49483",
			"result": 10.525723947319015,
			"title": "The Art of Mind",
			"year": "2015"
		}
	],
	"livealbums": []
}