{
	"title": "ARCHIVE",
	"studioalbums": [
		{
			"link": "http://www.progarchives.com/album.asp?id=4494",
			"result": 12.210190993117129,
			"title": "Londinium",
			"year": "1996"
		},
		{
			"link": "http://www.progarchives.com/album.asp?id=4495",
			"result": 9.919421091555463,
			"title": "Take My Head",
			"year": "1999"
		},
		{
			"link": "http://www.progarchives.com/album.asp?id=4493",
			"result": 16.983643501975838,
			"title": "You All Look The Same To Me",
			"year": "2002"
		},
		{
			"link": "http://www.progarchives.com/album.asp?id=8151",
			"result": 11.263641684099111,
			"title": "Michel Vaillant",
			"year": "2003"
		},
		{
			"link": "http://www.progarchives.com/album.asp?id=6340",
			"result": 12.75231934073057,
			"title": "Noise",
			"year": "2004"
		},
		{
			"link": "http://www.progarchives.com/album.asp?id=15513",
			"result": 10.634849571116668,
			"title": "Unplugged",
			"year": "2004"
		},
		{
			"link": "http://www.progarchives.com/album.asp?id=12205",
			"result": 13.398513653951003,
			"title": "Lights",
			"year": "2006"
		},
		{
			"link": "http://www.progarchives.com/album.asp?id=22726",
			"result": 14.869733347172758,
			"title": "Controlling Crowds",
			"year": "2009"
		},
		{
			"link": "http://www.progarchives.com/album.asp?id=25730",
			"result": 15.308012767588039,
			"title": "Controlling Crowds Part IV",
			"year": "2009"
		},
		{
			"link": "http://www.progarchives.com/album.asp?id=38992",
			"result": 15.023639139021752,
			"title": "With Us Until You're Dead",
			"year": "2012"
		},
		{
			"link": "http://www.progarchives.com/album.asp?id=45324",
			"result": 12.566016446224687,
			"title": "Axiom",
			"year": "2014"
		},
		{
			"link": "http://www.progarchives.com/album.asp?id=47733",
			"result": 14.426399466836896,
			"title": "Restriction",
			"year": "2015"
		},
		{
			"link": "http://www.progarchives.com/album.asp?id=53099",
			"result": 8.995362072232561,
			"title": "The False Foundation",
			"year": "2016"
		}
	],
	"livealbums": [
		{
			"link": "http://www.progarchives.com/album.asp?id=15477",
			"result": 10.393869596457533,
			"title": "Live At The Zenith",
			"year": "2007"
		}
	]
}