{
	"title": "ARGENT",
	"studioalbums": [
		{
			"link": "http://www.progarchives.com/album.asp?id=4307",
			"result": 12.952813203643077,
			"title": "Argent ",
			"year": "1970"
		},
		{
			"link": "http://www.progarchives.com/album.asp?id=4308",
			"result": 13.278122581279796,
			"title": "Ring Of Hands",
			"year": "1971"
		},
		{
			"link": "http://www.progarchives.com/album.asp?id=4309",
			"result": 15.353231367267638,
			"title": "All Together Now",
			"year": "1972"
		},
		{
			"link": "http://www.progarchives.com/album.asp?id=4312",
			"result": 14.388521274650525,
			"title": "In Deep",
			"year": "1973"
		},
		{
			"link": "http://www.progarchives.com/album.asp?id=4310",
			"result": 15.633947358433655,
			"title": "Nexus",
			"year": "1974"
		},
		{
			"link": "http://www.progarchives.com/album.asp?id=4313",
			"result": 13.24342703459339,
			"title": "Circus",
			"year": "1975"
		},
		{
			"link": "http://www.progarchives.com/album.asp?id=4315",
			"result": 11.1447438985985,
			"title": "Counterpoints",
			"year": "1975"
		}
	],
	"livealbums": [
		{
			"link": "http://www.progarchives.com/album.asp?id=4311",
			"result": 10.412266737014107,
			"title": "Encore: Live In Concert",
			"year": "1974"
		}
	]
}