{
	"title": "ARNIOE",
	"studioalbums": [
		{
			"link": "http://www.progarchives.com/album.asp?id=27802",
			"result": 8.07959047600384,
			"title": "Forever Free",
			"year": "2007"
		},
		{
			"link": "http://www.progarchives.com/album.asp?id=27803",
			"result": 7.448591317169784,
			"title": "For I've Been There",
			"year": "2008"
		},
		{
			"link": "http://www.progarchives.com/album.asp?id=27804",
			"result": 10.00202727924183,
			"title": "Sick Son",
			"year": "2009"
		},
		{
			"link": "http://www.progarchives.com/album.asp?id=27805",
			"result": 12.44805265189505,
			"title": "So Heaven Is Gone",
			"year": "2010"
		},
		{
			"link": "http://www.progarchives.com/album.asp?id=32271",
			"result": 11.60134576833524,
			"title": "Ate My Words",
			"year": "2011"
		},
		{
			"link": "http://www.progarchives.com/album.asp?id=37477",
			"result": 6.778979425876264,
			"title": "One Before X",
			"year": "2012"
		},
		{
			"link": "http://www.progarchives.com/album.asp?id=41672",
			"result": 6.238324625039507,
			"title": "Tension And Release",
			"year": "2013"
		},
		{
			"link": "http://www.progarchives.com/album.asp?id=45163",
			"result": 8.519564844077971,
			"title": "The Levenworth Files",
			"year": "2014"
		},
		{
			"link": "http://www.progarchives.com/album.asp?id=49616",
			"result": 9.351791563913645,
			"title": "Doesn't It End Here?",
			"year": "2015"
		},
		{
			"link": "http://www.progarchives.com/album.asp?id=52195",
			"result": 4.339518540239034,
			"title": "The Teen Years",
			"year": "2016"
		}
	],
	"livealbums": []
}