{
	"title": "ARNOLD, BRADY",
	"studioalbums": [
		{
			"link": "http://www.progarchives.com/album.asp?id=44893",
			"title": "Blue",
			"year": "1999"
		},
		{
			"link": "http://www.progarchives.com/album.asp?id=44895",
			"title": "United States Of Unconsciousness",
			"year": "2001"
		},
		{
			"link": "http://www.progarchives.com/album.asp?id=44896",
			"title": "Anti-Human",
			"year": "2002"
		},
		{
			"link": "http://www.progarchives.com/album.asp?id=44892",
			"title": "Inner Turmoil",
			"year": "2005"
		},
		{
			"link": "http://www.progarchives.com/album.asp?id=44891",
			"title": "Turn Of The Tides",
			"year": "2006"
		},
		{
			"link": "http://www.progarchives.com/album.asp?id=44902",
			"title": "Ice Age",
			"year": "2011"
		},
		{
			"link": "http://www.progarchives.com/album.asp?id=44900",
			"title": "Old World",
			"year": "2012"
		},
		{
			"link": "http://www.progarchives.com/album.asp?id=44906",
			"title": "96 Soundtrack",
			"year": "2012"
		},
		{
			"link": "http://www.progarchives.com/album.asp?id=44903",
			"title": "Project B: Creatures Of The Attic",
			"year": "2012"
		},
		{
			"link": "http://www.progarchives.com/album.asp?id=44899",
			"title": "Primal Distortions",
			"year": "2012"
		},
		{
			"link": "http://www.progarchives.com/album.asp?id=44897",
			"title": "One More For The Void",
			"year": "2013"
		},
		{
			"link": "http://www.progarchives.com/album.asp?id=44904",
			"title": "Project B: A Stranger In The Luxury Suite",
			"year": "2013"
		},
		{
			"link": "http://www.progarchives.com/album.asp?id=44907",
			"title": "Instrumentals",
			"year": "2013"
		},
		{
			"link": "http://www.progarchives.com/album.asp?id=44908",
			"title": "Project B: Icy Scales",
			"year": "2014"
		},
		{
			"link": "http://www.progarchives.com/album.asp?id=44909",
			"result": 0,
			"title": "Instrumentals Volume 2",
			"year": "2014"
		}
	],
	"livealbums": []
}