{
	"title": "ARZ",
	"studioalbums": [
		{
			"link": "http://www.progarchives.com/album.asp?id=33971",
			"result": 2.114098900707833,
			"title": "The Magi",
			"year": "2005"
		},
		{
			"link": "http://www.progarchives.com/album.asp?id=33972",
			"result": 3.295836866004329,
			"title": "Serai",
			"year": "2005"
		},
		{
			"link": "http://www.progarchives.com/album.asp?id=33973",
			"result": 1.7328679513998633,
			"title": "The Last Kingdom",
			"year": "2007"
		},
		{
			"link": "http://www.progarchives.com/album.asp?id=33974",
			"title": "Solomon's Key",
			"year": "2007"
		},
		{
			"link": "http://www.progarchives.com/album.asp?id=35676",
			"result": 17.093346306935675,
			"title": "Turn Of The Tide",
			"year": "2011"
		}
	],
	"livealbums": []
}