{
	"title": "ASFALTO",
	"studioalbums": [
		{
			"link": "http://www.progarchives.com/album.asp?id=30281",
			"result": 8.471374028064979,
			"title": "Asfalto",
			"year": "1978"
		},
		{
			"link": "http://www.progarchives.com/album.asp?id=30282",
			"result": 10.064497061730405,
			"title": "Al Otro Lado",
			"year": "1978"
		},
		{
			"link": "http://www.progarchives.com/album.asp?id=30283",
			"result": 6.110157868033684,
			"title": "¡¡Ahora!!",
			"year": "1979"
		},
		{
			"link": "http://www.progarchives.com/album.asp?id=30284",
			"result": 4.505456673639644,
			"title": "Déjalo Así",
			"year": "1981"
		},
		{
			"link": "http://www.progarchives.com/album.asp?id=30285",
			"result": 5.966559032529423,
			"title": "Mas Que Una Intencion",
			"year": "1983"
		},
		{
			"link": "http://www.progarchives.com/album.asp?id=30286",
			"result": 6.271158142298193,
			"title": "Cronophobia",
			"year": "1984"
		},
		{
			"link": "http://www.progarchives.com/album.asp?id=30287",
			"result": 5.545177444479562,
			"title": "Corredor de Fondo",
			"year": "1986"
		},
		{
			"link": "http://www.progarchives.com/album.asp?id=30288",
			"result": 4.1588830833596715,
			"title": "Sólo por Dinero",
			"year": "1990"
		},
		{
			"link": "http://www.progarchives.com/album.asp?id=30289",
			"result": 5.19860385419959,
			"title": "El Planeta de Los Locos",
			"year": "1994"
		},
		{
			"link": "http://www.progarchives.com/album.asp?id=30290",
			"result": 6.115864067249581,
			"title": "Utopia",
			"year": "2008"
		},
		{
			"link": "http://www.progarchives.com/album.asp?id=47344",
			"result": 5.545177444479562,
			"title": "El Color De Lo Invisible",
			"year": "2014"
		},
		{
			"link": "http://www.progarchives.com/album.asp?id=54799",
			"title": "Cronicas de un Tiempo Raro",
			"year": "2017"
		}
	],
	"livealbums": [
		{
			"link": "http://www.progarchives.com/album.asp?id=30291",
			"result": 3.4657359027997265,
			"title": "Al Fin Vivos",
			"year": "2009"
		}
	]
}