{
	"title": "AUT' CHOSE",
	"studioalbums": [
		{
			"link": "http://www.progarchives.com/album.asp?id=27418",
			"result": 5.150201319789121,
			"title": "Prends une chance avec moé",
			"year": "1975"
		},
		{
			"link": "http://www.progarchives.com/album.asp?id=27419",
			"result": 5.679877517452934,
			"title": "Une nuit comme une autre",
			"year": "1976"
		},
		{
			"link": "http://www.progarchives.com/album.asp?id=27420",
			"result": 2.5597666325966957,
			"title": "Le cauchemar Américain",
			"year": "1976"
		}
	],
	"livealbums": [
		{
			"link": "http://www.progarchives.com/album.asp?id=27421",
			"result": 2.933294810743853,
			"title": "Chansons d'épouvante",
			"year": "2005"
		}
	]
}