{
	"title": "AUTOGRAPH (AVTOGRAF)",
	"studioalbums": [
		{
			"link": "http://www.progarchives.com/album.asp?id=10712",
			"result": 16.06032449401151,
			"title": "Autograph / Автограф",
			"year": "1986"
		},
		{
			"link": "http://www.progarchives.com/album.asp?id=11942",
			"result": 9.519596836028885,
			"title": "Kamenniy kray / Stone Land",
			"year": "1989"
		},
		{
			"link": "http://www.progarchives.com/album.asp?id=10658",
			"result": 5.29285116404844,
			"title": "Tear Down the Border ",
			"year": "1991"
		}
	],
	"livealbums": [
		{
			"link": "http://www.progarchives.com/album.asp?id=10715",
			"result": 8.920731783985051,
			"title": "25 лет спустя. Юбилейный концерт / 25 Years After. Jubilee Concert (CD)",
			"year": "2005"
		}
	]
}