{
	"title": "AUTUMN ELECTRIC",
	"studioalbums": [
		{
			"link": "http://www.progarchives.com/album.asp?id=51140",
			"result": 0,
			"title": "Make Me A Tree",
			"year": "2012"
		},
		{
			"link": "http://www.progarchives.com/album.asp?id=51138",
			"result": 4.505456673639644,
			"title": "Flowers For Ambrosia",
			"year": "2014"
		},
		{
			"link": "http://www.progarchives.com/album.asp?id=51137",
			"result": 5.4720889022759405,
			"title": "Star Being Earth Child",
			"year": "2015"
		}
	],
	"livealbums": []
}