{
	"title": "AXELROD, DAVID",
	"studioalbums": [
		{
			"link": "http://www.progarchives.com/album.asp?id=28418",
			"result": 13.182782155342421,
			"title": "Song of Innocence",
			"year": "1968"
		},
		{
			"link": "http://www.progarchives.com/album.asp?id=28419",
			"result": 6.467063194624289,
			"title": "Songs of Experience",
			"year": "1969"
		},
		{
			"link": "http://www.progarchives.com/album.asp?id=28420",
			"result": 6.363126187410875,
			"title": "Earth Rot",
			"year": "1970"
		},
		{
			"link": "http://www.progarchives.com/album.asp?id=29651",
			"result": 0,
			"title": "Rock Interpretation Of Handel's Messiah",
			"year": "1971"
		},
		{
			"link": "http://www.progarchives.com/album.asp?id=29650",
			"result": 0,
			"title": "The Auction",
			"year": "1972"
		},
		{
			"link": "http://www.progarchives.com/album.asp?id=29652",
			"result": 3.0082587636301623,
			"title": "Heavy Axe",
			"year": "1974"
		},
		{
			"link": "http://www.progarchives.com/album.asp?id=29653",
			"result": 0,
			"title": "Seriously Deep",
			"year": "1975"
		},
		{
			"link": "http://www.progarchives.com/album.asp?id=29654",
			"result": 0,
			"title": "Strange Ladies",
			"year": "1977"
		},
		{
			"link": "http://www.progarchives.com/album.asp?id=29657",
			"result": 0,
			"title": "Requiem - The Holocaust",
			"year": "1993"
		},
		{
			"link": "http://www.progarchives.com/album.asp?id=29659",
			"result": 2.1487562597358303,
			"title": "David Axelrod",
			"year": "2001"
		}
	],
	"livealbums": []
}