{
	"title": "BAINBRIDGE, DAVE",
	"studioalbums": [
		{
			"link": "http://www.progarchives.com/album.asp?id=12670",
			"result": 7.028512410877845,
			"title": "The Eye Of The Eagle ",
			"year": "1998"
		},
		{
			"link": "http://www.progarchives.com/album.asp?id=6564",
			"result": 17.15263140022638,
			"title": "Veil Of Gossamer",
			"year": "2004"
		},
		{
			"link": "http://www.progarchives.com/album.asp?id=49173",
			"result": 8.317766166719343,
			"title": "Life Journey (with David Fizgerald)",
			"year": "2009"
		},
		{
			"link": "http://www.progarchives.com/album.asp?id=47282",
			"result": 17.320497782015025,
			"title": "Celestial Fire",
			"year": "2014"
		}
	],
	"livealbums": []
}