{
	"title": "BAIRD, KEN",
	"studioalbums": [
		{
			"link": "http://www.progarchives.com/album.asp?id=5141",
			"result": 7.122031145542446,
			"title": "August",
			"year": "1996"
		},
		{
			"link": "http://www.progarchives.com/album.asp?id=5142",
			"result": 8.488549265706233,
			"title": "Fields",
			"year": "1998"
		},
		{
			"link": "http://www.progarchives.com/album.asp?id=5143",
			"result": 7.070101241711441,
			"title": "Orion",
			"year": "2000"
		},
		{
			"link": "http://www.progarchives.com/album.asp?id=5144",
			"result": 10.023202240297188,
			"title": "Martin Road",
			"year": "2003"
		},
		{
			"link": "http://www.progarchives.com/album.asp?id=22770",
			"result": 9.579778106503388,
			"title": "Further Out",
			"year": "2009"
		}
	],
	"livealbums": []
}