{
	"title": "BANKS, TONY",
	"studioalbums": [
		{
			"link": "http://www.progarchives.com/album.asp?id=4443",
			"result": 17.236459682141525,
			"title": "A Curious Feeling",
			"year": "1979"
		},
		{
			"link": "http://www.progarchives.com/album.asp?id=4444",
			"result": 10.645628435379765,
			"title": "The Fugitive",
			"year": "1983"
		},
		{
			"link": "http://www.progarchives.com/album.asp?id=4445",
			"result": 12.230397331523582,
			"title": "The Wicked Lady (OST)",
			"year": "1983"
		},
		{
			"link": "http://www.progarchives.com/album.asp?id=4447",
			"result": 11.27057315590471,
			"title": "Bankstatement",
			"year": "1989"
		},
		{
			"link": "http://www.progarchives.com/album.asp?id=4448",
			"result": 13.352359319210686,
			"title": "Still",
			"year": "1991"
		},
		{
			"link": "http://www.progarchives.com/album.asp?id=4449",
			"result": 14.69869697837734,
			"title": "Strictly Inc.",
			"year": "1995"
		},
		{
			"link": "http://www.progarchives.com/album.asp?id=5401",
			"result": 10.940019595684646,
			"title": "Seven - A Suite For Orchestra",
			"year": "2004"
		},
		{
			"link": "http://www.progarchives.com/album.asp?id=37516",
			"result": 16.63235157173172,
			"title": "Six - Pieces For Orchestra",
			"year": "2012"
		}
	],
	"livealbums": []
}