{
	"title": "BARCLAY JAMES HARVEST",
	"studioalbums": [
		{
			"link": "http://www.progarchives.com/album.asp?id=3380",
			"result": 16.162746568203833,
			"title": "Barclay James Harvest",
			"year": "1970"
		},
		{
			"link": "http://www.progarchives.com/album.asp?id=3381",
			"result": 20.389810969918344,
			"title": "Once Again",
			"year": "1971"
		},
		{
			"link": "http://www.progarchives.com/album.asp?id=3382",
			"result": 15.106140180777842,
			"title": "... And Other Short Stories",
			"year": "1971"
		},
		{
			"link": "http://www.progarchives.com/album.asp?id=3383",
			"result": 14.113871376215597,
			"title": "Baby James Harvest",
			"year": "1972"
		},
		{
			"link": "http://www.progarchives.com/album.asp?id=3385",
			"result": 20.340334355641257,
			"title": "Everyone Is Everybody Else",
			"year": "1974"
		},
		{
			"link": "http://www.progarchives.com/album.asp?id=3379",
			"result": 18.556515671734253,
			"title": "Time Honoured Ghosts",
			"year": "1975"
		},
		{
			"link": "http://www.progarchives.com/album.asp?id=3388",
			"result": 20.032814394648824,
			"title": "Octoberon",
			"year": "1976"
		},
		{
			"link": "http://www.progarchives.com/album.asp?id=3389",
			"result": 16.845039890510282,
			"title": "Gone To Earth",
			"year": "1977"
		},
		{
			"link": "http://www.progarchives.com/album.asp?id=3391",
			"result": 17.160202373553933,
			"title": "XII",
			"year": "1978"
		},
		{
			"link": "http://www.progarchives.com/album.asp?id=3393",
			"result": 13.160704216725563,
			"title": "Eyes Of The Universe",
			"year": "1979"
		},
		{
			"link": "http://www.progarchives.com/album.asp?id=3395",
			"result": 11.369335657941773,
			"title": "Turn Of The Tide",
			"year": "1981"
		},
		{
			"link": "http://www.progarchives.com/album.asp?id=3398",
			"result": 11.491853798855134,
			"title": "Ring Of Changes",
			"year": "1983"
		},
		{
			"link": "http://www.progarchives.com/album.asp?id=3399",
			"result": 9.526739635343834,
			"title": "Victims Of Circumstance",
			"year": "1984"
		},
		{
			"link": "http://www.progarchives.com/album.asp?id=3401",
			"result": 10.839312651768985,
			"title": "Face To Face",
			"year": "1987"
		},
		{
			"link": "http://www.progarchives.com/album.asp?id=3404",
			"result": 12.015090706535444,
			"title": "Welcome To The Show",
			"year": "1990"
		},
		{
			"link": "http://www.progarchives.com/album.asp?id=3411",
			"result": 9.957134170825197,
			"title": "Caught In The Light",
			"year": "1993"
		},
		{
			"link": "http://www.progarchives.com/album.asp?id=3414",
			"result": 8.692736180879141,
			"title": "River Of Dreams",
			"year": "1997"
		},
		{
			"link": "http://www.progarchives.com/album.asp?id=3417",
			"result": 11.21498764144701,
			"title": "BJH Through The Eyes Of John Lees: Nexus",
			"year": "1999"
		},
		{
			"link": "http://www.progarchives.com/album.asp?id=5587",
			"result": 8.277928747833615,
			"title": "BJH Featuring Les Holroyd: Revolution Days",
			"year": "2002"
		},
		{
			"link": "http://www.progarchives.com/album.asp?id=43205",
			"result": 11.503936487111513,
			"title": "John Lees' Barclay James Harvest: North",
			"year": "2013"
		}
	],
	"livealbums": [
		{
			"link": "http://www.progarchives.com/album.asp?id=3386",
			"result": 20.174475415199918,
			"title": "Barclay James Harvest Live",
			"year": "1974"
		},
		{
			"link": "http://www.progarchives.com/album.asp?id=3392",
			"result": 15.683503470328302,
			"title": "Live Tapes",
			"year": "1978"
		},
		{
			"link": "http://www.progarchives.com/album.asp?id=3397",
			"result": 12.749791053115757,
			"title": "A Concert For The People (Berlin)",
			"year": "1982"
		},
		{
			"link": "http://www.progarchives.com/album.asp?id=3403",
			"result": 9.415898994882085,
			"title": "Glasnost",
			"year": "1988"
		},
		{
			"link": "http://www.progarchives.com/album.asp?id=3418",
			"result": 9.68720424145759,
			"title": "BJH Through The Eyes Of John Lees: Revival - Live 1999",
			"year": "2000"
		},
		{
			"link": "http://www.progarchives.com/album.asp?id=3424",
			"result": 11.13100446654848,
			"title": "BBC In Concert 1972",
			"year": "2002"
		},
		{
			"link": "http://www.progarchives.com/album.asp?id=5588",
			"result": 4.034116590858881,
			"title": "BJH Featuring Les Holroyd: Live In Bonn",
			"year": "2003"
		},
		{
			"link": "http://www.progarchives.com/album.asp?id=10228",
			"result": 6.071969301705121,
			"title": "Hymn: The Best Of Barclay James Harvest Live",
			"year": "2003"
		},
		{
			"link": "http://www.progarchives.com/album.asp?id=13914",
			"result": 8.788898309344878,
			"title": "BJH Featuring Les Holroyd: Classic Meets Rock - Live",
			"year": "2006"
		},
		{
			"link": "http://www.progarchives.com/album.asp?id=17050",
			"result": 10.556229318461034,
			"title": "John Lees' Barclay James Harvest: Legacy - Live At The Shepherd's Bush Empire",
			"year": "2007"
		},
		{
			"link": "http://www.progarchives.com/album.asp?id=37638",
			"result": 8.05904782547916,
			"title": "High voltage 3CD set",
			"year": "2011"
		},
		{
			"link": "http://www.progarchives.com/album.asp?id=41151",
			"result": 7.6215566578102925,
			"title": "John Lees Barclay James Harvest: Live In Concert At Metropolis Studios, London",
			"year": "2012"
		},
		{
			"link": "http://www.progarchives.com/album.asp?id=53829",
			"result": 2.772588722239781,
			"title": "25th Anniversary Concert - Live In London 1992",
			"year": "2012"
		},
		{
			"link": "http://www.progarchives.com/album.asp?id=53830",
			"result": 0,
			"title": "25th Anniversary Concert - Live In London 1992",
			"year": "2012"
		}
	]
}