{
	"title": "BARON",
	"studioalbums": [
		{
			"link": "http://www.progarchives.com/album.asp?id=41426",
			"result": 3.119162312519754,
			"title": "Illegitimate Nephew",
			"year": "2010"
		},
		{
			"link": "http://www.progarchives.com/album.asp?id=41429",
			"result": 7.550131378334616,
			"title": "Columns",
			"year": "2013"
		},
		{
			"link": "http://www.progarchives.com/album.asp?id=50854",
			"result": 5.600629218924358,
			"title": "Torpor",
			"year": "2015"
		}
	],
	"livealbums": []
}