{
	"title": "BARRE, MARTIN",
	"studioalbums": [
		{
			"link": "http://www.progarchives.com/album.asp?id=49900",
			"result": 5.948641437837142,
			"title": "A Trick Of Memory",
			"year": "1994"
		},
		{
			"link": "http://www.progarchives.com/album.asp?id=49901",
			"result": 7.041614714066256,
			"title": "The Meeting",
			"year": "1998"
		},
		{
			"link": "http://www.progarchives.com/album.asp?id=49902",
			"result": 9.419870183809657,
			"title": "Stage Left",
			"year": "2003"
		},
		{
			"link": "http://www.progarchives.com/album.asp?id=49903",
			"result": 7.413917667900743,
			"title": "Away With Words",
			"year": "2013"
		},
		{
			"link": "http://www.progarchives.com/album.asp?id=49904",
			"result": 6.349979028501675,
			"title": "Order Of Play",
			"year": "2014"
		},
		{
			"link": "http://www.progarchives.com/album.asp?id=50371",
			"result": 2.772588722239781,
			"title": "Back To Steel",
			"year": "2015"
		}
	],
	"livealbums": [
		{
			"link": "http://www.progarchives.com/album.asp?id=51349",
			"title": "Live in Munich",
			"year": "2016"
		}
	]
}