{
	"title": "BASS, COLIN",
	"studioalbums": [
		{
			"link": "http://www.progarchives.com/album.asp?id=5468",
			"result": 15.388159431292689,
			"title": "An Outcast Of The Islands",
			"year": "1998"
		},
		{
			"link": "http://www.progarchives.com/album.asp?id=5467",
			"result": 6.54486217744584,
			"title": "In The Meantime",
			"year": "2003"
		},
		{
			"link": "http://www.progarchives.com/album.asp?id=50099",
			"result": 8.550545747953437,
			"title": "At Wild End",
			"year": "2015"
		}
	],
	"livealbums": [
		{
			"link": "http://www.progarchives.com/album.asp?id=5470",
			"result": 7.21566214962903,
			"title": "Live At Polskie Radio 3",
			"year": "2000"
		},
		{
			"link": "http://www.progarchives.com/album.asp?id=5471",
			"result": 3.870200453532599,
			"title": "Live Vol. 2 - Acoustic Songs",
			"year": "2000"
		},
		{
			"link": "http://www.progarchives.com/album.asp?id=17016",
			"result": 6.383885532957096,
			"title": "Planetarium (with Józef Skrzek)",
			"year": "2004"
		}
	]
}