{
	"title": "BE BOP DELUXE",
	"studioalbums": [
		{
			"link": "http://www.progarchives.com/album.asp?id=12484",
			"result": 11.577144095443582,
			"title": "Axe Victim",
			"year": "1974"
		},
		{
			"link": "http://www.progarchives.com/album.asp?id=12141",
			"result": 15.087109271498063,
			"title": "Futurama",
			"year": "1975"
		},
		{
			"link": "http://www.progarchives.com/album.asp?id=12142",
			"result": 15.73876374030688,
			"title": "Sunburst Finish",
			"year": "1976"
		},
		{
			"link": "http://www.progarchives.com/album.asp?id=12485",
			"result": 15.949186077225235,
			"title": "Modern Music",
			"year": "1976"
		},
		{
			"link": "http://www.progarchives.com/album.asp?id=12487",
			"result": 11.804414253164596,
			"title": "Drastic Plastic",
			"year": "1978"
		}
	],
	"livealbums": [
		{
			"link": "http://www.progarchives.com/album.asp?id=12143",
			"result": 11.256424235185646,
			"title": "Live In The Air Age",
			"year": "1977"
		},
		{
			"link": "http://www.progarchives.com/album.asp?id=16573",
			"result": 9.184398733265397,
			"title": "Radioland BBC Radio 1 Live In Concert",
			"year": "1994"
		},
		{
			"link": "http://www.progarchives.com/album.asp?id=16572",
			"result": 9.165236802050526,
			"title": "Tramcar To Tomorrow ",
			"year": "1998"
		}
	]
}