{
	"title": "BEDFORD, DAVID",
	"studioalbums": [
		{
			"link": "http://www.progarchives.com/album.asp?id=19527",
			"result": 6.97666225229538,
			"title": "Nurses Songs With Elephants",
			"year": "1972"
		},
		{
			"link": "http://www.progarchives.com/album.asp?id=19528",
			"result": 8.049124855326538,
			"title": "Star's End",
			"year": "1974"
		},
		{
			"link": "http://www.progarchives.com/album.asp?id=19519",
			"result": 9.249189625267727,
			"title": "The Rime of the Ancient Mariner",
			"year": "1975"
		},
		{
			"link": "http://www.progarchives.com/album.asp?id=19520",
			"result": 9.436556661695072,
			"title": "The Odyssey",
			"year": "1976"
		},
		{
			"link": "http://www.progarchives.com/album.asp?id=19521",
			"result": 9.567261103331532,
			"title": "Instructions For Angels",
			"year": "1977"
		},
		{
			"link": "http://www.progarchives.com/album.asp?id=19529",
			"result": 3.361753603324416,
			"title": "The Song of the White Horse",
			"year": "1983"
		},
		{
			"link": "http://www.progarchives.com/album.asp?id=19530",
			"result": 2.585438983488596,
			"title": "Rigel 9",
			"year": "1985"
		}
	],
	"livealbums": []
}