{
	"title": "BEND SINISTER",
	"studioalbums": [
		{
			"link": "http://www.progarchives.com/album.asp?id=46879",
			"result": 2.772588722239781,
			"title": "Through The Broken City",
			"year": "2005"
		},
		{
			"link": "http://www.progarchives.com/album.asp?id=46881",
			"result": 5.545177444479562,
			"title": "Stories Of Brothers, Tales Of Lovers",
			"year": "2008"
		},
		{
			"link": "http://www.progarchives.com/album.asp?id=46883",
			"result": 4.756991209932916,
			"title": "Small Fame",
			"year": "2012"
		},
		{
			"link": "http://www.progarchives.com/album.asp?id=46884",
			"result": 8.068233181717762,
			"title": "Animals",
			"year": "2014"
		}
	],
	"livealbums": []
}