{
	"title": "BENT KNEE",
	"studioalbums": [
		{
			"link": "http://www.progarchives.com/album.asp?id=47911",
			"result": 10.054601481249223,
			"title": "Bent Knee",
			"year": "2011"
		},
		{
			"link": "http://www.progarchives.com/album.asp?id=47910",
			"result": 20.56552026996156,
			"title": "Shiny Eyed Babies",
			"year": "2014"
		},
		{
			"link": "http://www.progarchives.com/album.asp?id=52012",
			"result": 18.57247834571125,
			"title": "Say So",
			"year": "2016"
		},
		{
			"link": "http://www.progarchives.com/album.asp?id=54370",
			"title": "Land Animal",
			"year": "2017"
		}
	],
	"livealbums": [
		{
			"link": "http://www.progarchives.com/album.asp?id=47912",
			"result": 5.493061443340549,
			"title": "Live and Nearly Unplugged",
			"year": "2014"
		}
	]
}