{
	"title": "BENZENE RING, THE",
	"studioalbums": [
		{
			"link": "http://www.progarchives.com/album.asp?id=17681",
			"result": 0,
			"title": "The Benzene Ring",
			"year": "2004"
		},
		{
			"link": "http://www.progarchives.com/album.asp?id=17680",
			"result": 2.772588722239781,
			"title": "Breathing Water in a Dream",
			"year": "2006"
		},
		{
			"link": "http://www.progarchives.com/album.asp?id=52522",
			"result": 0,
			"title": "Crossing the Divide",
			"year": "2015"
		}
	],
	"livealbums": []
}