{
	"title": "BERRY, ROBERT",
	"studioalbums": [
		{
			"link": "http://www.progarchives.com/album.asp?id=26698",
			"result": 3.6583789212648057,
			"title": "Back to Back",
			"year": "1985"
		},
		{
			"link": "http://www.progarchives.com/album.asp?id=26699",
			"result": 7.47956901586188,
			"title": "Pilgrimage To A Point",
			"year": "1993"
		},
		{
			"link": "http://www.progarchives.com/album.asp?id=26700",
			"result": 2.4260151319598084,
			"title": "In These Eyes",
			"year": "1995"
		},
		{
			"link": "http://www.progarchives.com/album.asp?id=26701",
			"result": 2.4260151319598084,
			"title": "Takin' It Back",
			"year": "1996"
		},
		{
			"link": "http://www.progarchives.com/album.asp?id=26702",
			"result": 5.137202793506027,
			"title": "A Soundtrack For The Wheel Of Time",
			"year": "2001"
		},
		{
			"link": "http://www.progarchives.com/album.asp?id=26703",
			"result": 5.070679297915396,
			"title": "The Dividing Line",
			"year": "2008"
		}
	],
	"livealbums": []
}