{
	"title": "BEZAR, EMILY",
	"studioalbums": [
		{
			"link": "http://www.progarchives.com/album.asp?id=47188",
			"result": 0,
			"title": "Grandmother's Tea Leaves",
			"year": "1993"
		},
		{
			"link": "http://www.progarchives.com/album.asp?id=47189",
			"result": 0,
			"title": "Moon In Grenadine",
			"year": "1996"
		},
		{
			"link": "http://www.progarchives.com/album.asp?id=47190",
			"result": 0,
			"title": "Four Walls Bending",
			"year": "1999"
		},
		{
			"link": "http://www.progarchives.com/album.asp?id=47191",
			"result": 0,
			"title": "Angels' Abacus",
			"year": "2004"
		},
		{
			"link": "http://www.progarchives.com/album.asp?id=47192",
			"result": 0,
			"title": "Exchange",
			"year": "2008"
		},
		{
			"link": "http://www.progarchives.com/album.asp?id=47193",
			"result": 0,
			"title": "Fooled By Yesterday",
			"year": "2011"
		}
	],
	"livealbums": []
}