{
	"title": "BIG BIG TRAIN",
	"studioalbums": [
		{
			"link": "http://www.progarchives.com/album.asp?id=1750",
			"result": 17.017375120915492,
			"title": "Goodbye To The Age Of Steam",
			"year": "1994"
		},
		{
			"link": "http://www.progarchives.com/album.asp?id=1749",
			"result": 16.49080050342158,
			"title": "English Boy Wonders",
			"year": "1997"
		},
		{
			"link": "http://www.progarchives.com/album.asp?id=1747",
			"result": 15.547170234113413,
			"title": "Bard",
			"year": "2002"
		},
		{
			"link": "http://www.progarchives.com/album.asp?id=5049",
			"result": 19.659790047230505,
			"title": "Gathering Speed",
			"year": "2004"
		},
		{
			"link": "http://www.progarchives.com/album.asp?id=16153",
			"result": 20.40511952131743,
			"title": "The Difference Machine",
			"year": "2007"
		},
		{
			"link": "http://www.progarchives.com/album.asp?id=25416",
			"result": 27.040928932598998,
			"title": "The Underfall Yard",
			"year": "2009"
		},
		{
			"link": "http://www.progarchives.com/album.asp?id=38284",
			"result": 28.63948107415719,
			"title": "English Electric (Part One)",
			"year": "2012"
		},
		{
			"link": "http://www.progarchives.com/album.asp?id=40536",
			"result": 27.189480087515697,
			"title": "English Electric (Part Two)",
			"year": "2013"
		},
		{
			"link": "http://www.progarchives.com/album.asp?id=51799",
			"result": 24.255703751110417,
			"title": "Folklore",
			"year": "2016"
		},
		{
			"link": "http://www.progarchives.com/album.asp?id=53949",
			"result": 21.893544337158172,
			"title": "Grimspound",
			"year": "2017"
		}
	],
	"livealbums": [
		{
			"link": "http://www.progarchives.com/album.asp?id=51802",
			"result": 17.591419645348452,
			"title": "From Stone And Steel",
			"year": "2016"
		},
		{
			"link": "http://www.progarchives.com/album.asp?id=53343",
			"result": 15.852975325480822,
			"title": "A Stone's Throw From the Line",
			"year": "2016"
		}
	]
}