{
	"title": "BJÖRK",
	"studioalbums": [
		{
			"link": "http://www.progarchives.com/album.asp?id=31792",
			"result": 4.84479481833613,
			"title": "Björk Guðmundsdóttir",
			"year": "1977"
		},
		{
			"link": "http://www.progarchives.com/album.asp?id=31934",
			"result": 8.421842650422056,
			"title": "Björk Guðmundsdóttir & Tríó Guðmundar Ingólfssonar: ‎Gling-Gló",
			"year": "1990"
		},
		{
			"link": "http://www.progarchives.com/album.asp?id=31713",
			"result": 17.182396610108203,
			"title": "Debut",
			"year": "1993"
		},
		{
			"link": "http://www.progarchives.com/album.asp?id=31714",
			"result": 16.577546308619414,
			"title": "Post",
			"year": "1995"
		},
		{
			"link": "http://www.progarchives.com/album.asp?id=31716",
			"result": 19.014995962592742,
			"title": "Homogenic",
			"year": "1997"
		},
		{
			"link": "http://www.progarchives.com/album.asp?id=31794",
			"result": 12.426555245014331,
			"title": "Selmasongs [Aka: Dancer In The Dark] (OST)",
			"year": "2000"
		},
		{
			"link": "http://www.progarchives.com/album.asp?id=31717",
			"result": 19.24873742148967,
			"title": "Vespertine",
			"year": "2001"
		},
		{
			"link": "http://www.progarchives.com/album.asp?id=31691",
			"result": 16.013551248134817,
			"title": "Medúlla",
			"year": "2004"
		},
		{
			"link": "http://www.progarchives.com/album.asp?id=31806",
			"result": 4.7632143149508455,
			"title": "The Music From Drawing Restraint 9 (OST)",
			"year": "2005"
		},
		{
			"link": "http://www.progarchives.com/album.asp?id=31718",
			"result": 11.247427139213581,
			"title": "Volta",
			"year": "2007"
		},
		{
			"link": "http://www.progarchives.com/album.asp?id=34999",
			"result": 12.86651921542368,
			"title": "Biophilia",
			"year": "2011"
		},
		{
			"link": "http://www.progarchives.com/album.asp?id=47939",
			"result": 13.231350448723123,
			"title": "Vulnicura",
			"year": "2015"
		}
	],
	"livealbums": [
		{
			"link": "http://www.progarchives.com/album.asp?id=31802",
			"result": 9.807391665745335,
			"title": "Debut Live",
			"year": "2004"
		},
		{
			"link": "http://www.progarchives.com/album.asp?id=31803",
			"result": 9.670857390574993,
			"title": "Post Live",
			"year": "2004"
		},
		{
			"link": "http://www.progarchives.com/album.asp?id=31804",
			"result": 11.23447818568153,
			"title": "Homogenic Live",
			"year": "2004"
		},
		{
			"link": "http://www.progarchives.com/album.asp?id=31805",
			"result": 11.110431357680238,
			"title": "Vespertine Live",
			"year": "2004"
		},
		{
			"link": "http://www.progarchives.com/album.asp?id=52867",
			"result": 2.772588722239781,
			"title": "Vulnicura Live",
			"year": "2016"
		}
	]
}