{
	"title": "BLACK MOTH SUPER RAINBOW",
	"studioalbums": [
		{
			"link": "http://www.progarchives.com/album.asp?id=25835",
			"title": "Falling Through a Field",
			"year": "2003"
		},
		{
			"link": "http://www.progarchives.com/album.asp?id=25836",
			"result": 0,
			"title": "Start a People",
			"year": "2004"
		},
		{
			"link": "http://www.progarchives.com/album.asp?id=25837",
			"result": 6.363091117540297,
			"title": "Dandelion Gum",
			"year": "2007"
		},
		{
			"link": "http://www.progarchives.com/album.asp?id=25838",
			"result": 2.639478176391924,
			"title": "Eating Us",
			"year": "2009"
		},
		{
			"link": "http://www.progarchives.com/album.asp?id=41849",
			"title": "Cobra Juicy",
			"year": "2012"
		}
	],
	"livealbums": []
}