{
	"title": "BLACK MOUNTAIN",
	"studioalbums": [
		{
			"link": "http://www.progarchives.com/album.asp?id=26310",
			"result": 9.025843963806283,
			"title": "Black Mountain",
			"year": "2005"
		},
		{
			"link": "http://www.progarchives.com/album.asp?id=26312",
			"result": 13.433067507850383,
			"title": "In the Future",
			"year": "2008"
		},
		{
			"link": "http://www.progarchives.com/album.asp?id=30269",
			"result": 10.622290222065061,
			"title": "Wilderness Heart",
			"year": "2010"
		},
		{
			"link": "http://www.progarchives.com/album.asp?id=37832",
			"result": 6.1709280492240435,
			"title": "Year Zero: The Original Soundtrack",
			"year": "2012"
		},
		{
			"link": "http://www.progarchives.com/album.asp?id=51723",
			"result": 15.093751004981053,
			"title": "IV",
			"year": "2016"
		}
	],
	"livealbums": []
}