{
	"title": "BLOW UP HOLLYWOOD",
	"studioalbums": [
		{
			"link": "http://www.progarchives.com/album.asp?id=27907",
			"result": 5.608207138683812,
			"title": "Blow Up Hollywood",
			"year": "2002"
		},
		{
			"link": "http://www.progarchives.com/album.asp?id=27908",
			"result": 8.005849935467367,
			"title": "Fake",
			"year": "2004"
		},
		{
			"link": "http://www.progarchives.com/album.asp?id=27910",
			"result": 7.5899616271314,
			"title": "The Diaries of Private Henry Hill",
			"year": "2006"
		},
		{
			"link": "http://www.progarchives.com/album.asp?id=31530",
			"result": 4.506426154815481,
			"title": "Take Flight",
			"year": "2010"
		},
		{
			"link": "http://www.progarchives.com/album.asp?id=32382",
			"result": 6.4409625933730865,
			"title": "Collections",
			"year": "2011"
		},
		{
			"link": "http://www.progarchives.com/album.asp?id=45528",
			"result": 2.044784182651839,
			"title": "Blue Sky Blond",
			"year": "2014"
		}
	],
	"livealbums": []
}