{
	"title": "BORAY",
	"studioalbums": [
		{
			"link": "http://www.progarchives.com/album.asp?id=33664",
			"title": "Mystery",
			"year": "2011"
		},
		{
			"link": "http://www.progarchives.com/album.asp?id=44012",
			"title": "Not a Word",
			"year": "2011"
		},
		{
			"link": "http://www.progarchives.com/album.asp?id=44010",
			"title": "Always the same, Never the same",
			"year": "2013"
		},
		{
			"link": "http://www.progarchives.com/album.asp?id=44011",
			"title": "Boray's Safe",
			"year": "2013"
		}
	],
	"livealbums": []
}