{
	"title": "BOWNESS, TIM",
	"studioalbums": [
		{
			"link": "http://www.progarchives.com/album.asp?id=45725",
			"result": 8.749823353377375,
			"title": "Tim Bowness & Richard Barbieri: Flame",
			"year": "1994"
		},
		{
			"link": "http://www.progarchives.com/album.asp?id=45726",
			"result": 8.317766166719343,
			"title": "Tim Bowness & Samuel Smiles: World Of Bright Futures",
			"year": "1999"
		},
		{
			"link": "http://www.progarchives.com/album.asp?id=45727",
			"result": 6.96612916462745,
			"title": "Tim Bowness & Peter Chilvers: California, Norfolk",
			"year": "2002"
		},
		{
			"link": "http://www.progarchives.com/album.asp?id=45722",
			"result": 8.259136931026148,
			"title": "My Hotel Year",
			"year": "2004"
		},
		{
			"link": "http://www.progarchives.com/album.asp?id=45723",
			"result": 17.721068557625852,
			"title": "Abandoned Dancehall Dreams",
			"year": "2014"
		},
		{
			"link": "http://www.progarchives.com/album.asp?id=49631",
			"result": 16.343651107745423,
			"title": "Stupid Things That Mean The World",
			"year": "2015"
		},
		{
			"link": "http://www.progarchives.com/album.asp?id=53365",
			"result": 14.619601758751283,
			"title": "Lost in the Ghost Light",
			"year": "2017"
		}
	],
	"livealbums": []
}