{
	"title": "BOX, THE",
	"studioalbums": [
		{
			"link": "http://www.progarchives.com/album.asp?id=22128",
			"result": 11.185738703058156,
			"title": "The Box",
			"year": "1984"
		},
		{
			"link": "http://www.progarchives.com/album.asp?id=22129",
			"result": 11.995042795269084,
			"title": "All the Time, All the Time, All the Time",
			"year": "1985"
		},
		{
			"link": "http://www.progarchives.com/album.asp?id=22130",
			"result": 9.219003670713482,
			"title": "Closer Together",
			"year": "1987"
		},
		{
			"link": "http://www.progarchives.com/album.asp?id=22131",
			"result": 4.7827155458636215,
			"title": "The Pleasure and the Pain",
			"year": "1990"
		},
		{
			"link": "http://www.progarchives.com/album.asp?id=22132",
			"result": 9.682745388952151,
			"title": "Black Dog There",
			"year": "2005"
		},
		{
			"link": "http://www.progarchives.com/album.asp?id=25834",
			"result": 16.395712888460437,
			"title": "D'Après Le Horla De Maupassant",
			"year": "2009"
		}
	],
	"livealbums": []
}