{
	"title": "BREATHING SPACE",
	"studioalbums": [
		{
			"link": "http://www.progarchives.com/album.asp?id=25842",
			"result": 8.796569540249521,
			"title": "Breathing Space",
			"year": "2005"
		},
		{
			"link": "http://www.progarchives.com/album.asp?id=25843",
			"result": 9.80314172799,
			"title": "Coming up for Air",
			"year": "2007"
		},
		{
			"link": "http://www.progarchives.com/album.asp?id=25844",
			"result": 11.507263772459979,
			"title": "Below the Radar",
			"year": "2009"
		},
		{
			"link": "http://www.progarchives.com/album.asp?id=42056",
			"result": 7.023697119373975,
			"title": "My Dark Surprise",
			"year": "2013"
		}
	],
	"livealbums": [
		{
			"link": "http://www.progarchives.com/album.asp?id=33405",
			"result": 5.793976484762761,
			"title": "Below The Radar - Live",
			"year": "2011"
		}
	]
}