{
	"title": "BRIMSTONE SOLAR RADIATION BAND, THE",
	"studioalbums": [
		{
			"link": "http://www.progarchives.com/album.asp?id=26539",
			"result": 10.371495305387967,
			"title": "The Brimstone Solar Radiation Band",
			"year": "2004"
		},
		{
			"link": "http://www.progarchives.com/album.asp?id=26540",
			"result": 11.021764318485996,
			"title": "Solstice",
			"year": "2005"
		},
		{
			"link": "http://www.progarchives.com/album.asp?id=26541",
			"result": 13.328818040700815,
			"title": "Smorgasbord",
			"year": "2009"
		},
		{
			"link": "http://www.progarchives.com/album.asp?id=44508",
			"result": 11.942029310261024,
			"title": "Mannsverk",
			"year": "2014"
		}
	],
	"livealbums": []
}