{
	"title": "BROGUIERE, PATRICK",
	"studioalbums": [
		{
			"link": "http://www.progarchives.com/album.asp?id=34604",
			"result": 8.23458850505215,
			"title": "Brocéliande",
			"year": "1995"
		},
		{
			"link": "http://www.progarchives.com/album.asp?id=34605",
			"result": 7.2288688594361625,
			"title": "Icônes",
			"year": "1996"
		},
		{
			"link": "http://www.progarchives.com/album.asp?id=34606",
			"result": 11.952400985480281,
			"title": "Mont Saint-Michel",
			"year": "1998"
		},
		{
			"link": "http://www.progarchives.com/album.asp?id=34607",
			"result": 10.960305042651658,
			"title": "Châteaux de la Loire",
			"year": "2000"
		}
	],
	"livealbums": []
}