{
	"title": "BROWNE, DUNCAN",
	"studioalbums": [
		{
			"link": "http://www.progarchives.com/album.asp?id=34700",
			"result": 5.0738373616988,
			"title": "Give Me Take You",
			"year": "1968"
		},
		{
			"link": "http://www.progarchives.com/album.asp?id=34701",
			"result": 3.3507674804377348,
			"title": "Duncan Browne",
			"year": "1973"
		},
		{
			"link": "http://www.progarchives.com/album.asp?id=34702",
			"result": 7.550131378334616,
			"title": "The Wild Places",
			"year": "1978"
		},
		{
			"link": "http://www.progarchives.com/album.asp?id=34703",
			"result": 4.2697866322492635,
			"title": "Streets of Fire",
			"year": "1979"
		},
		{
			"link": "http://www.progarchives.com/album.asp?id=34704",
			"title": "Travelling Man (with Sebastion Graham-Jones)",
			"year": "1985"
		},
		{
			"link": "http://www.progarchives.com/album.asp?id=34705",
			"title": "Songs of Love & War",
			"year": "1995"
		}
	],
	"livealbums": []
}