{
	"title": "BURNT BELIEF",
	"studioalbums": [
		{
			"link": "http://www.progarchives.com/album.asp?id=41277",
			"result": 16.991529933221717,
			"title": "Burnt Belief",
			"year": "2012"
		},
		{
			"link": "http://www.progarchives.com/album.asp?id=46853",
			"result": 9.119607404721961,
			"title": "Etymology",
			"year": "2014"
		},
		{
			"link": "http://www.progarchives.com/album.asp?id=52911",
			"result": 8.276177335885746,
			"title": "Emergent",
			"year": "2016"
		}
	],
	"livealbums": []
}