{
	"title": "BUSH, KATE",
	"studioalbums": [
		{
			"link": "http://www.progarchives.com/album.asp?id=9798",
			"result": 22.013759714096985,
			"title": "The Kick Inside",
			"year": "1978"
		},
		{
			"link": "http://www.progarchives.com/album.asp?id=9799",
			"result": 17.57652495263141,
			"title": "Lionheart",
			"year": "1978"
		},
		{
			"link": "http://www.progarchives.com/album.asp?id=9802",
			"result": 21.724914574475758,
			"title": "Never For Ever",
			"year": "1980"
		},
		{
			"link": "http://www.progarchives.com/album.asp?id=9809",
			"result": 22.637989763235208,
			"title": "The Dreaming",
			"year": "1982"
		},
		{
			"link": "http://www.progarchives.com/album.asp?id=9801",
			"result": 24.16899057410688,
			"title": "Hounds Of Love",
			"year": "1985"
		},
		{
			"link": "http://www.progarchives.com/album.asp?id=9811",
			"result": 17.849532497384697,
			"title": "The Sensual World",
			"year": "1989"
		},
		{
			"link": "http://www.progarchives.com/album.asp?id=9810",
			"result": 13.003441107304575,
			"title": "The Red Shoes",
			"year": "1993"
		},
		{
			"link": "http://www.progarchives.com/album.asp?id=9800",
			"result": 20.264799596969304,
			"title": "Aerial",
			"year": "2005"
		},
		{
			"link": "http://www.progarchives.com/album.asp?id=33370",
			"result": 11.813157147826354,
			"title": "Director's Cut",
			"year": "2011"
		},
		{
			"link": "http://www.progarchives.com/album.asp?id=34612",
			"result": 18.115195132795435,
			"title": "50 Words For Snow",
			"year": "2011"
		}
	],
	"livealbums": [
		{
			"link": "http://www.progarchives.com/album.asp?id=13851",
			"result": 14.740186992895554,
			"title": "Live At The Hammersmith Odeon",
			"year": "1994"
		},
		{
			"link": "http://www.progarchives.com/album.asp?id=48634",
			"result": 0,
			"title": "1979 Television Special",
			"year": "2014"
		},
		{
			"link": "http://www.progarchives.com/album.asp?id=53323",
			"result": 12.735094907836263,
			"title": "Before The Dawn",
			"year": "2016"
		}
	]
}