{
	"title": "BYRNE, DAVID",
	"studioalbums": [
		{
			"link": "http://www.progarchives.com/album.asp?id=29033",
			"result": 11.718867137082432,
			"title": "The Catherine Wheel",
			"year": "1981"
		},
		{
			"link": "http://www.progarchives.com/album.asp?id=29794",
			"result": 3.4924802699819977,
			"title": "Music For The Knee Plays",
			"year": "1985"
		},
		{
			"link": "http://www.progarchives.com/album.asp?id=29958",
			"result": 8.250655806230476,
			"title": "Rei Momo",
			"year": "1989"
		},
		{
			"link": "http://www.progarchives.com/album.asp?id=29959",
			"result": 5.4720889022759405,
			"title": "The Forest",
			"year": "1991"
		},
		{
			"link": "http://www.progarchives.com/album.asp?id=29960",
			"result": 8.955461572834492,
			"title": "Uh-Oh",
			"year": "1992"
		},
		{
			"link": "http://www.progarchives.com/album.asp?id=29961",
			"result": 10.00202727924183,
			"title": "David Byrne",
			"year": "1994"
		},
		{
			"link": "http://www.progarchives.com/album.asp?id=29962",
			"result": 4.506426154815481,
			"title": "Feelings",
			"year": "1997"
		},
		{
			"link": "http://www.progarchives.com/album.asp?id=42683",
			"title": "In Spite Of Wishing And Wanting",
			"year": "1999"
		},
		{
			"link": "http://www.progarchives.com/album.asp?id=42682",
			"result": 6.758185010459466,
			"title": "Look Into The Eyeball",
			"year": "2001"
		},
		{
			"link": "http://www.progarchives.com/album.asp?id=29964",
			"result": 5.420410951978773,
			"title": "Lead Us Not Into Temptation - Music From The Film Young Adam",
			"year": "2003"
		},
		{
			"link": "http://www.progarchives.com/album.asp?id=30275",
			"result": 5.679877517452934,
			"title": "Grown Backwards",
			"year": "2004"
		},
		{
			"link": "http://www.progarchives.com/album.asp?id=20469",
			"result": 7.125553016156237,
			"title": "Everything That Happens Will Happen Today (with Brian Eno)",
			"year": "2008"
		},
		{
			"link": "http://www.progarchives.com/album.asp?id=29967",
			"result": 3.295836866004329,
			"title": "Here Lies Love (with Fatboy Slim)",
			"year": "2010"
		},
		{
			"link": "http://www.progarchives.com/album.asp?id=39127",
			"result": 5.988791640037927,
			"title": "Love This Giant (with St.Vincent)",
			"year": "2012"
		}
	],
	"livealbums": [
		{
			"link": "http://www.progarchives.com/album.asp?id=29965",
			"title": "Live From Austin TX",
			"year": "2007"
		}
	]
}