{
	"title": "BYRON",
	"studioalbums": [
		{
			"link": "http://www.progarchives.com/album.asp?id=26573",
			"result": 14.227016575818244,
			"title": "Forbidden Drama",
			"year": "2007"
		},
		{
			"link": "http://www.progarchives.com/album.asp?id=26625",
			"result": 11.444553888141396,
			"title": "A Kind Of Alchemy",
			"year": "2009"
		},
		{
			"link": "http://www.progarchives.com/album.asp?id=32201",
			"result": 6.758185010459466,
			"title": "Perfect",
			"year": "2011"
		},
		{
			"link": "http://www.progarchives.com/album.asp?id=41186",
			"result": 10.75764424229035,
			"title": "30 Seconds Of Fame",
			"year": "2013"
		},
		{
			"link": "http://www.progarchives.com/album.asp?id=50946",
			"result": 9.939626599152001,
			"title": "Eternal Return",
			"year": "2015"
		}
	],
	"livealbums": []
}