{
	"title": "CALIFORNIA GUITAR TRIO",
	"studioalbums": [
		{
			"link": "http://www.progarchives.com/album.asp?id=5201",
			"result": 7.969953135438081,
			"title": "Yamanishi Blues",
			"year": "1993"
		},
		{
			"link": "http://www.progarchives.com/album.asp?id=5203",
			"result": 11.964973180253052,
			"title": "Invitation",
			"year": "1995"
		},
		{
			"link": "http://www.progarchives.com/album.asp?id=5202",
			"result": 10.535837144511168,
			"title": "Pathways",
			"year": "1998"
		},
		{
			"link": "http://www.progarchives.com/album.asp?id=5207",
			"result": 5.249894012026425,
			"title": "A Christmas Album",
			"year": "2001"
		},
		{
			"link": "http://www.progarchives.com/album.asp?id=5209",
			"result": 13.107632022898533,
			"title": "CG3 + 2 ",
			"year": "2002"
		},
		{
			"link": "http://www.progarchives.com/album.asp?id=6260",
			"result": 9.017959884636033,
			"title": "Whitewater",
			"year": "2004"
		},
		{
			"link": "http://www.progarchives.com/album.asp?id=19522",
			"result": 7.673264872954786,
			"title": "Echoes",
			"year": "2008"
		},
		{
			"link": "http://www.progarchives.com/album.asp?id=31029",
			"result": 7.548372796297803,
			"title": "Andromeda",
			"year": "2010"
		},
		{
			"link": "http://www.progarchives.com/album.asp?id=52355",
			"title": "Masterworks",
			"year": "2011"
		}
	],
	"livealbums": [
		{
			"link": "http://www.progarchives.com/album.asp?id=5204",
			"result": 6.271158142298193,
			"title": "An Opening Act: On Tour With King Crimson",
			"year": "1999"
		},
		{
			"link": "http://www.progarchives.com/album.asp?id=5205",
			"result": 3.3507674804377348,
			"title": "Monday Night In San Francisco",
			"year": "2000"
		},
		{
			"link": "http://www.progarchives.com/album.asp?id=5206",
			"result": 9.658949826391845,
			"title": "Rocks the West ",
			"year": "2000"
		},
		{
			"link": "http://www.progarchives.com/album.asp?id=5208",
			"result": 6.550412303606788,
			"title": "Live at the Key Club",
			"year": "2001"
		}
	]
}