{
	"title": "CANNATA",
	"studioalbums": [
		{
			"link": "http://www.progarchives.com/album.asp?id=22414",
			"result": 1.7328679513998633,
			"title": "Images of Forever",
			"year": "1988"
		},
		{
			"link": "http://www.progarchives.com/album.asp?id=22415",
			"result": 4.103431308914876,
			"title": "Watching the World",
			"year": "1993"
		},
		{
			"link": "http://www.progarchives.com/album.asp?id=22417",
			"result": 7.028512410877845,
			"title": "Mysterium Magnus",
			"year": "2006"
		},
		{
			"link": "http://www.progarchives.com/album.asp?id=22418",
			"result": 7.822119495316942,
			"title": "My Back Pages: Volume I",
			"year": "2008"
		}
	],
	"livealbums": []
}