{
	"title": "CANTURBE",
	"studioalbums": [
		{
			"link": "http://www.progarchives.com/album.asp?id=30138",
			"result": 4.4707993146116465,
			"title": "El Vuelo de los Olvidados",
			"year": "1980"
		},
		{
			"link": "http://www.progarchives.com/album.asp?id=30139",
			"result": 1.0397207708399179,
			"title": "Bonpland",
			"year": "1983"
		},
		{
			"link": "http://www.progarchives.com/album.asp?id=30140",
			"result": 6.808685983066608,
			"title": "Sociedad Secreta de Melancolicos",
			"year": "2008"
		},
		{
			"link": "http://www.progarchives.com/album.asp?id=35739",
			"result": 2.0794415416798357,
			"title": "Tangos en Espera",
			"year": "2011"
		}
	],
	"livealbums": []
}