{
	"title": "CARDUCCI, FRANCK",
	"studioalbums": [
		{
			"link": "http://www.progarchives.com/album.asp?id=33641",
			"result": 14.49620540741143,
			"title": "Oddity",
			"year": "2011"
		},
		{
			"link": "http://www.progarchives.com/album.asp?id=47655",
			"result": 14.127307682141574,
			"title": "Torn Apart",
			"year": "2015"
		}
	],
	"livealbums": [
		{
			"link": "http://www.progarchives.com/album.asp?id=53954",
			"result": 0,
			"title": "Tearing The Tour Apart",
			"year": "2016"
		}
	]
}