{
	"title": "CARLTON, MARC",
	"studioalbums": [
		{
			"link": "http://www.progarchives.com/album.asp?id=9412",
			"title": "Passing Within Realtime",
			"year": "1998"
		},
		{
			"link": "http://www.progarchives.com/album.asp?id=9413",
			"title": "Voices Through Endless Walls",
			"year": "1999"
		},
		{
			"link": "http://www.progarchives.com/album.asp?id=9396",
			"result": 4.30656017157899,
			"title": "An Ageless Sense",
			"year": "2002"
		},
		{
			"link": "http://www.progarchives.com/album.asp?id=9395",
			"result": 3.570489938171357,
			"title": "Still",
			"year": "2004"
		},
		{
			"link": "http://www.progarchives.com/album.asp?id=9394",
			"result": 8.722981572024793,
			"title": "Reflex Arc",
			"year": "2005"
		},
		{
			"link": "http://www.progarchives.com/album.asp?id=31040",
			"result": 4.295574048692309,
			"title": "Bridge (with Kate Toft)",
			"year": "2006"
		},
		{
			"link": "http://www.progarchives.com/album.asp?id=16673",
			"result": 2.3081801112646176,
			"title": "Ovriah",
			"year": "2007"
		},
		{
			"link": "http://www.progarchives.com/album.asp?id=22870",
			"result": 8.295846342525895,
			"title": "For Truth",
			"year": "2009"
		},
		{
			"link": "http://www.progarchives.com/album.asp?id=38580",
			"result": 0,
			"title": "For Imagination",
			"year": "2012"
		},
		{
			"link": "http://www.progarchives.com/album.asp?id=50897",
			"title": "Degrees Of Freedom",
			"year": "2015"
		}
	],
	"livealbums": []
}