{
	"title": "CAUDEL, STEPHEN",
	"studioalbums": [
		{
			"link": "http://www.progarchives.com/album.asp?id=22112",
			"result": 3.295836866004329,
			"title": "Wine Dark Sea",
			"year": "1986"
		},
		{
			"link": "http://www.progarchives.com/album.asp?id=22113",
			"result": 2.4260151319598084,
			"title": "Bow Of Burning Gold",
			"year": "1988"
		},
		{
			"link": "http://www.progarchives.com/album.asp?id=51528",
			"title": "Impromptu Romance",
			"year": "1994"
		},
		{
			"link": "http://www.progarchives.com/album.asp?id=47024",
			"title": "Scaramouche (with Tim Panting)",
			"year": "1995"
		},
		{
			"link": "http://www.progarchives.com/album.asp?id=22114",
			"result": 2.4260151319598084,
			"title": "The Earth in Tourquoise ",
			"year": "2005"
		}
	],
	"livealbums": []
}