{
	"title": "CAZENAVE, GUILLAUME",
	"studioalbums": [
		{
			"link": "http://www.progarchives.com/album.asp?id=52310",
			"title": "Liah's Saga 1 - The Dreams Of An Illusory Night",
			"year": "1999"
		},
		{
			"link": "http://www.progarchives.com/album.asp?id=52311",
			"title": "Liah's Saga 2 - Dizziness",
			"year": "2000"
		},
		{
			"link": "http://www.progarchives.com/album.asp?id=52312",
			"result": 0,
			"title": "The Mediation Project 1 - Worship Scraped",
			"year": "2003"
		},
		{
			"link": "http://www.progarchives.com/album.asp?id=52313",
			"title": "The Mediation Project 2 - Second System Syndrome",
			"year": "2006"
		},
		{
			"link": "http://www.progarchives.com/album.asp?id=52314",
			"result": 2.737931363211784,
			"title": "The Odd Gallant - AM",
			"year": "2015"
		}
	],
	"livealbums": []
}