{
	"title": "CHANT, THE",
	"studioalbums": [
		{
			"link": "http://www.progarchives.com/album.asp?id=41477",
			"result": 3.119162312519754,
			"title": "Ghostlines",
			"year": "2008"
		},
		{
			"link": "http://www.progarchives.com/album.asp?id=41478",
			"result": 5.101918182416098,
			"title": "This Is the World We Know",
			"year": "2010"
		},
		{
			"link": "http://www.progarchives.com/album.asp?id=41479",
			"result": 5.966559032529423,
			"title": "A Healing Place",
			"year": "2012"
		},
		{
			"link": "http://www.progarchives.com/album.asp?id=45525",
			"result": 7.028512410877845,
			"title": "New Haven",
			"year": "2014"
		}
	],
	"livealbums": []
}