{
	"title": "CHANGING IMAGES",
	"studioalbums": [
		{
			"link": "http://www.progarchives.com/album.asp?id=34668",
			"result": 4.008574907053945,
			"title": "The Castle",
			"year": "1991"
		},
		{
			"link": "http://www.progarchives.com/album.asp?id=34669",
			"result": 0,
			"title": "Virtuality",
			"year": "1992"
		},
		{
			"link": "http://www.progarchives.com/album.asp?id=34670",
			"title": "The Art of Dreaming",
			"year": "1997"
		},
		{
			"link": "http://www.progarchives.com/album.asp?id=34671",
			"title": "S.E.T.I.",
			"year": "1999"
		}
	],
	"livealbums": []
}