{
	"title": "CHROME HOOF",
	"studioalbums": [
		{
			"link": "http://www.progarchives.com/album.asp?id=21832",
			"result": 2.4260151319598084,
			"title": "Chrome Hoof",
			"year": "2004"
		},
		{
			"link": "http://www.progarchives.com/album.asp?id=21794",
			"result": 11.821620489795313,
			"title": "Pre-Emptive False Rapture",
			"year": "2007"
		},
		{
			"link": "http://www.progarchives.com/album.asp?id=32431",
			"result": 8.895965806241042,
			"title": "Crush Depth",
			"year": "2010"
		},
		{
			"link": "http://www.progarchives.com/album.asp?id=42923",
			"result": 10.239542438907202,
			"title": "Chrome Black Gold",
			"year": "2013"
		}
	],
	"livealbums": []
}