{
	"title": "CHURN MILK JOAN",
	"studioalbums": [
		{
			"link": "http://www.progarchives.com/album.asp?id=38010",
			"result": 2.4260151319598084,
			"title": "Black and Ginger",
			"year": "2012"
		},
		{
			"link": "http://www.progarchives.com/album.asp?id=36487",
			"result": 4.9490708691980085,
			"title": "Churn Milk Joan",
			"year": "2012"
		},
		{
			"link": "http://www.progarchives.com/album.asp?id=37211",
			"result": 4.031907099411963,
			"title": "Without a Horse",
			"year": "2013"
		},
		{
			"link": "http://www.progarchives.com/album.asp?id=40930",
			"result": 0,
			"title": "8 Black Postcards",
			"year": "2013"
		},
		{
			"link": "http://www.progarchives.com/album.asp?id=43432",
			"result": 0,
			"title": "Trading Cards on the Balcony",
			"year": "2013"
		},
		{
			"link": "http://www.progarchives.com/album.asp?id=44511",
			"result": 0,
			"title": "I Live In Your Stomach",
			"year": "2014"
		},
		{
			"link": "http://www.progarchives.com/album.asp?id=47798",
			"result": 1.7328679513998633,
			"title": "Dethroned Hog",
			"year": "2015"
		}
	],
	"livealbums": []
}