{
	"title": "CIRCA",
	"studioalbums": [
		{
			"link": "http://www.progarchives.com/album.asp?id=17207",
			"result": 12.891099366323278,
			"title": "Circa",
			"year": "2007"
		},
		{
			"link": "http://www.progarchives.com/album.asp?id=21291",
			"result": 9.81276064971078,
			"title": "HQ",
			"year": "2009"
		},
		{
			"link": "http://www.progarchives.com/album.asp?id=34119",
			"result": 12.462444868055263,
			"title": "And So On",
			"year": "2011"
		},
		{
			"link": "http://www.progarchives.com/album.asp?id=52122",
			"result": 14.671851831340907,
			"title": "Valley Of The Windmill",
			"year": "2016"
		}
	],
	"livealbums": [
		{
			"link": "http://www.progarchives.com/album.asp?id=42811",
			"result": 0,
			"title": "Circa: Live",
			"year": "2009"
		},
		{
			"link": "http://www.progarchives.com/album.asp?id=42146",
			"result": 6.373374133239037,
			"title": "Live From Here There & Everywhere",
			"year": "2013"
		}
	]
}