{
	"title": "CIRCA SURVIVE",
	"studioalbums": [
		{
			"link": "http://www.progarchives.com/album.asp?id=28058",
			"result": 10.752182939373732,
			"title": "Juturna",
			"year": "2005"
		},
		{
			"link": "http://www.progarchives.com/album.asp?id=28060",
			"result": 11.9314238699631,
			"title": "On Letting Go",
			"year": "2007"
		},
		{
			"link": "http://www.progarchives.com/album.asp?id=28061",
			"result": 8.657666270571035,
			"title": "Blue Sky Noise",
			"year": "2010"
		},
		{
			"link": "http://www.progarchives.com/album.asp?id=39005",
			"result": 9.07992072541384,
			"title": "Violent Waves",
			"year": "2012"
		},
		{
			"link": "http://www.progarchives.com/album.asp?id=47359",
			"result": 8.519564844077971,
			"title": "Descensus",
			"year": "2014"
		}
	],
	"livealbums": []
}