{
	"title": "CLARK, STEVE",
	"studioalbums": [
		{
			"link": "http://www.progarchives.com/album.asp?id=47234",
			"title": "Ghostflyers",
			"year": "2010"
		},
		{
			"link": "http://www.progarchives.com/album.asp?id=47235",
			"title": "The Hellbound Heart",
			"year": "2010"
		},
		{
			"link": "http://www.progarchives.com/album.asp?id=47236",
			"title": "Pipperson Park",
			"year": "2011"
		},
		{
			"link": "http://www.progarchives.com/album.asp?id=47237",
			"title": "Seasons Of Night And Light",
			"year": "2012"
		},
		{
			"link": "http://www.progarchives.com/album.asp?id=47238",
			"title": "The Takerman And Other Tales Of Torment",
			"year": "2012"
		},
		{
			"link": "http://www.progarchives.com/album.asp?id=47239",
			"title": "The Halloween Tree",
			"year": "2013"
		},
		{
			"link": "http://www.progarchives.com/album.asp?id=47240",
			"title": "Colourful",
			"year": "2014"
		},
		{
			"link": "http://www.progarchives.com/album.asp?id=53649",
			"title": "The Seven Valleys",
			"year": "2015"
		},
		{
			"link": "http://www.progarchives.com/album.asp?id=53650",
			"title": "To Market",
			"year": "2016"
		}
	],
	"livealbums": []
}