{
	"title": "COCHRANE, STEVE",
	"studioalbums": [
		{
			"link": "http://www.progarchives.com/album.asp?id=5135",
			"result": 3.240906251570924,
			"title": "Heroes Awaken ",
			"year": "1990"
		},
		{
			"link": "http://www.progarchives.com/album.asp?id=5136",
			"result": 5.364959177533977,
			"title": "To See It Made Real",
			"year": "1995"
		},
		{
			"link": "http://www.progarchives.com/album.asp?id=5137",
			"result": 6.486169278605559,
			"title": "The Purest of Designs ",
			"year": "1998"
		},
		{
			"link": "http://www.progarchives.com/album.asp?id=28946",
			"result": 6.271158142298193,
			"title": "With Or Without",
			"year": "2007"
		},
		{
			"link": "http://www.progarchives.com/album.asp?id=38521",
			"result": 11.86125988082768,
			"title": "La La La: Variations On a Happy Song",
			"year": "2012"
		}
	],
	"livealbums": []
}