{
	"title": "COHEED AND CAMBRIA",
	"studioalbums": [
		{
			"link": "http://www.progarchives.com/album.asp?id=16292",
			"result": 15.262410283838092,
			"title": "The Second Stage Turbine Blade",
			"year": "2002"
		},
		{
			"link": "http://www.progarchives.com/album.asp?id=16293",
			"result": 18.607337187821912,
			"title": "In Keeping Secrets Of Silent Earth - 3",
			"year": "2003"
		},
		{
			"link": "http://www.progarchives.com/album.asp?id=16294",
			"result": 18.658755427501383,
			"title": "Good Apollo, I'm Burning Star IV, Volume One - From Fear Through The Eyes Of Madness",
			"year": "2005"
		},
		{
			"link": "http://www.progarchives.com/album.asp?id=16838",
			"result": 18.73907434275661,
			"title": "Good Apollo, I'm Burning Star IV, Volume Two - No World For Tomorrow",
			"year": "2007"
		},
		{
			"link": "http://www.progarchives.com/album.asp?id=27940",
			"result": 14.992843655252772,
			"title": "Year Of The Black Rainbow",
			"year": "2010"
		},
		{
			"link": "http://www.progarchives.com/album.asp?id=38924",
			"result": 16.97002833956989,
			"title": "The Afterman - Ascension",
			"year": "2012"
		},
		{
			"link": "http://www.progarchives.com/album.asp?id=40313",
			"result": 16.571254827673993,
			"title": "The Afterman - Descension",
			"year": "2013"
		},
		{
			"link": "http://www.progarchives.com/album.asp?id=50069",
			"result": 8.829115069397927,
			"title": "The Color Before The Sun",
			"year": "2015"
		}
	],
	"livealbums": [
		{
			"link": "http://www.progarchives.com/album.asp?id=42633",
			"result": 8.062917611526247,
			"title": "The Afterman: Live",
			"year": "2013"
		}
	]
}