{
	"title": "CONSPIRACY",
	"studioalbums": [
		{
			"link": "http://www.progarchives.com/album.asp?id=8338",
			"result": 10.539635947857663,
			"title": "Conspiracy",
			"year": "2000"
		},
		{
			"link": "http://www.progarchives.com/album.asp?id=6206",
			"result": 12.36314033767358,
			"title": "The Unknown",
			"year": "2003"
		}
	],
	"livealbums": [
		{
			"link": "http://www.progarchives.com/album.asp?id=29592",
			"result": 4.828313737302301,
			"title": "Conspiracy Live",
			"year": "2007"
		}
	]
}