{
	"title": "CONTRACTION",
	"studioalbums": [
		{
			"link": "http://www.progarchives.com/album.asp?id=18829",
			"result": 9.259467180436147,
			"title": "Frank Dervieux - Dimension",
			"year": "1971"
		},
		{
			"link": "http://www.progarchives.com/album.asp?id=7673",
			"result": 10.674466580623157,
			"title": "Contraction",
			"year": "1972"
		},
		{
			"link": "http://www.progarchives.com/album.asp?id=7672",
			"result": 13.601414414104608,
			"title": "La Bourse ou la Vie",
			"year": "1974"
		},
		{
			"link": "http://www.progarchives.com/album.asp?id=20872",
			"result": 9.616588734679562,
			"title": "Jacques Blais - Thèmes ",
			"year": "1975"
		},
		{
			"link": "http://www.progarchives.com/album.asp?id=13469",
			"result": 5.518619165222409,
			"title": "Yves Laferriere - Yves Laferriere ",
			"year": "1978"
		},
		{
			"link": "http://www.progarchives.com/album.asp?id=23537",
			"result": 4.3393796323933485,
			"title": "Yvan Ouellet - Le Chant des choses",
			"year": "1979"
		}
	],
	"livealbums": [
		{
			"link": "http://www.progarchives.com/album.asp?id=23538",
			"result": 5.876648650147046,
			"title": "Live 1974",
			"year": "2009"
		}
	]
}