{
	"title": "COOPER TEMPLE CLAUSE, THE",
	"studioalbums": [
		{
			"link": "http://www.progarchives.com/album.asp?id=28551",
			"result": 7.16703787691222,
			"title": "See This Through and Leave",
			"year": "2002"
		},
		{
			"link": "http://www.progarchives.com/album.asp?id=28552",
			"result": 6.616094506788065,
			"title": "Kick Up the Fire, and Let the Flames Break Loose",
			"year": "2003"
		},
		{
			"link": "http://www.progarchives.com/album.asp?id=28553",
			"result": 6.575757252066961,
			"title": "Make This Your Own",
			"year": "2007"
		}
	],
	"livealbums": []
}