{
	"title": "CORVUS STONE",
	"studioalbums": [
		{
			"link": "http://www.progarchives.com/album.asp?id=39547",
			"result": 19.8546585409465,
			"title": "Corvus Stone",
			"year": "2012"
		},
		{
			"link": "http://www.progarchives.com/album.asp?id=46532",
			"result": 23.59800674390533,
			"title": "Corvus Stone II",
			"year": "2014"
		},
		{
			"link": "http://www.progarchives.com/album.asp?id=49822",
			"result": 21.339236143552842,
			"title": "Corvus Stone Unscrewed",
			"year": "2015"
		}
	],
	"livealbums": []
}