{
	"title": "CRAVEN, BEN",
	"studioalbums": [
		{
			"link": "http://www.progarchives.com/album.asp?id=34364",
			"result": 11.946232962690061,
			"title": "Tunisia: Two False Idols",
			"year": "2005"
		},
		{
			"link": "http://www.progarchives.com/album.asp?id=34366",
			"result": 15.991299331634181,
			"title": "Great & Terrible Potions",
			"year": "2011"
		},
		{
			"link": "http://www.progarchives.com/album.asp?id=51064",
			"result": 8.547203605837895,
			"title": "Ben Craven & The Section: Dissected",
			"year": "2014"
		},
		{
			"link": "http://www.progarchives.com/album.asp?id=51719",
			"result": 14.51823244657715,
			"title": "Last Chance To Hear",
			"year": "2016"
		}
	],
	"livealbums": []
}