{
	"title": "CROSS",
	"studioalbums": [
		{
			"link": "http://www.progarchives.com/album.asp?id=6497",
			"result": 7.653512481347041,
			"title": "Uncovered Heart ",
			"year": "1988"
		},
		{
			"link": "http://www.progarchives.com/album.asp?id=6496",
			"result": 8.867957766895957,
			"title": "Second Movement",
			"year": "1990"
		},
		{
			"link": "http://www.progarchives.com/album.asp?id=6495",
			"result": 8.611599639505028,
			"title": "III- Changing Poison Into Medecine ",
			"year": "1993"
		},
		{
			"link": "http://www.progarchives.com/album.asp?id=6492",
			"result": 7.508015361748972,
			"title": "Gaze",
			"year": "1996"
		},
		{
			"link": "http://www.progarchives.com/album.asp?id=6491",
			"result": 8.754629233133707,
			"title": "Visionary Fools",
			"year": "1998"
		},
		{
			"link": "http://www.progarchives.com/album.asp?id=6490",
			"result": 11.250310559431728,
			"title": "Secrets",
			"year": "2000"
		},
		{
			"link": "http://www.progarchives.com/album.asp?id=6489",
			"result": 12.7281460601321,
			"title": "Playgrounds",
			"year": "2004"
		},
		{
			"link": "http://www.progarchives.com/album.asp?id=26657",
			"result": 14.154798217565359,
			"title": "The Thrill Of Nothingness",
			"year": "2009"
		},
		{
			"link": "http://www.progarchives.com/album.asp?id=36652",
			"result": 16.30131004269945,
			"title": "Wake Up Call",
			"year": "2012"
		},
		{
			"link": "http://www.progarchives.com/album.asp?id=47302",
			"result": 12.458263353496363,
			"title": "Da Capo",
			"year": "2014"
		}
	],
	"livealbums": []
}