{
	"title": "CROVELLA, BEPPE",
	"studioalbums": [
		{
			"link": "http://www.progarchives.com/album.asp?id=30581",
			"title": "Kings of Clubs",
			"year": "1992"
		},
		{
			"link": "http://www.progarchives.com/album.asp?id=30582",
			"title": "Hammond Homage 1: Lucio Battisti",
			"year": "1998"
		},
		{
			"link": "http://www.progarchives.com/album.asp?id=30583",
			"title": "Earth Voices (with Daryl Smith)",
			"year": "1998"
		},
		{
			"link": "http://www.progarchives.com/album.asp?id=30584",
			"title": "Soulful Traffic",
			"year": "2009"
		},
		{
			"link": "http://www.progarchives.com/album.asp?id=30585",
			"result": 0,
			"title": "Pianovagando",
			"year": "2009"
		},
		{
			"link": "http://www.progarchives.com/album.asp?id=30586",
			"result": 7.338730088302973,
			"title": "What's Rattlin' On The Moon?",
			"year": "2009"
		},
		{
			"link": "http://www.progarchives.com/album.asp?id=40018",
			"result": 2.0794415416798357,
			"title": "Le 17 Contrade del Palio di Siena",
			"year": "2012"
		}
	],
	"livealbums": []
}