{
	"title": "DAEMONIA",
	"studioalbums": [
		{
			"link": "http://www.progarchives.com/album.asp?id=6663",
			"result": 9.28948180024571,
			"title": "Dario Argento Tribute ",
			"year": "2000"
		},
		{
			"link": "http://www.progarchives.com/album.asp?id=42186",
			"result": 8.172205258801755,
			"title": "Dawn of the Dead / Zombi",
			"year": "2013"
		}
	],
	"livealbums": [
		{
			"link": "http://www.progarchives.com/album.asp?id=6662",
			"result": 4.588634335306838,
			"title": "Live ... Or Dead ",
			"year": "2001"
		},
		{
			"link": "http://www.progarchives.com/album.asp?id=6793",
			"result": 0,
			"title": "Live In Tokyo",
			"year": "2003"
		}
	]
}