{
	"title": "DAYMOON",
	"studioalbums": [
		{
			"link": "http://www.progarchives.com/album.asp?id=34521",
			"result": 11.812915983428903,
			"title": "All Tomorrows",
			"year": "2011"
		},
		{
			"link": "http://www.progarchives.com/album.asp?id=41189",
			"result": 9.972910971077882,
			"title": "Fabric of Space Divine",
			"year": "2013"
		},
		{
			"link": "http://www.progarchives.com/album.asp?id=51658",
			"result": 10.265933012203355,
			"title": "Cruz Quebrada",
			"year": "2016"
		}
	],
	"livealbums": []
}