{
	"title": "DEAR HUNTER, THE",
	"studioalbums": [
		{
			"link": "http://www.progarchives.com/album.asp?id=17193",
			"result": 22.38158705531633,
			"title": "Act I: The Lake South, The River North",
			"year": "2006"
		},
		{
			"link": "http://www.progarchives.com/album.asp?id=17195",
			"result": 21.817559963129177,
			"title": "Act II: The Meaning Of, And All Things Regarding Ms. Leading",
			"year": "2007"
		},
		{
			"link": "http://www.progarchives.com/album.asp?id=23671",
			"result": 22.191968231095814,
			"title": "Act III: Life And Death",
			"year": "2009"
		},
		{
			"link": "http://www.progarchives.com/album.asp?id=33637",
			"result": 19.48148975428844,
			"title": "The Color Spectrum",
			"year": "2011"
		},
		{
			"link": "http://www.progarchives.com/album.asp?id=40890",
			"result": 16.985960805670018,
			"title": "Migrant",
			"year": "2013"
		},
		{
			"link": "http://www.progarchives.com/album.asp?id=49762",
			"result": 22.22731224679815,
			"title": "Act IV: Rebirth In Reprise",
			"year": "2015"
		},
		{
			"link": "http://www.progarchives.com/album.asp?id=52332",
			"result": 20.30396888232125,
			"title": "Act V: Hymns With The Devil In Confessional",
			"year": "2016"
		}
	],
	"livealbums": [
		{
			"link": "http://www.progarchives.com/album.asp?id=49763",
			"result": 10.023202240297188,
			"title": "Live",
			"year": "2015"
		}
	]
}