{
	"title": "DECAMPS, FRANCIS",
	"studioalbums": [
		{
			"link": "http://www.progarchives.com/album.asp?id=34593",
			"result": 8.176822880242444,
			"title": "Histoire De Fou",
			"year": "1979"
		},
		{
			"link": "http://www.progarchives.com/album.asp?id=34594",
			"result": 0,
			"title": "Vie en Positif",
			"year": "1991"
		},
		{
			"link": "http://www.progarchives.com/album.asp?id=34595",
			"title": "Décamps la Joie, Épicier Marchand D'rock",
			"year": "1992"
		},
		{
			"link": "http://www.progarchives.com/album.asp?id=34596",
			"result": 0,
			"title": "A Vous Mes Voyageurs",
			"year": "1995"
		},
		{
			"link": "http://www.progarchives.com/album.asp?id=34597",
			"result": 1.7328679513998633,
			"title": "Hommage à Roger Comte",
			"year": "1997"
		},
		{
			"link": "http://www.progarchives.com/album.asp?id=41350",
			"result": 1.4209517201478876,
			"title": "Francis Decamps revisite Caricatures",
			"year": "2012"
		}
	],
	"livealbums": []
}