{
	"title": "DEERHOOF",
	"studioalbums": [
		{
			"link": "http://www.progarchives.com/album.asp?id=18321",
			"result": 5.070679297915396,
			"title": "The Man, The King, The Girl",
			"year": "1997"
		},
		{
			"link": "http://www.progarchives.com/album.asp?id=18322",
			"result": 5.966559032529423,
			"title": "Holdypaws",
			"year": "1999"
		},
		{
			"link": "http://www.progarchives.com/album.asp?id=18323",
			"result": 2.1405524235373536,
			"title": "Halfbird",
			"year": "2001"
		},
		{
			"link": "http://www.progarchives.com/album.asp?id=18324",
			"result": 3.1523744414696075,
			"title": "Reveille",
			"year": "2002"
		},
		{
			"link": "http://www.progarchives.com/album.asp?id=18326",
			"result": 3.7572540272449353,
			"title": "Apple O'",
			"year": "2003"
		},
		{
			"link": "http://www.progarchives.com/album.asp?id=18329",
			"result": 7.121748960211161,
			"title": "Milk Man",
			"year": "2004"
		},
		{
			"link": "http://www.progarchives.com/album.asp?id=18330",
			"result": 4.374911676688687,
			"title": "The Runners Four",
			"year": "2005"
		},
		{
			"link": "http://www.progarchives.com/album.asp?id=18331",
			"result": 9.26044633228087,
			"title": "Friend Opportunity",
			"year": "2007"
		},
		{
			"link": "http://www.progarchives.com/album.asp?id=26119",
			"result": 11.090354888959125,
			"title": "Offend Maggie",
			"year": "2008"
		},
		{
			"link": "http://www.progarchives.com/album.asp?id=33853",
			"result": 7.278045395879425,
			"title": "Deerhoof vs. Evil",
			"year": "2011"
		},
		{
			"link": "http://www.progarchives.com/album.asp?id=39199",
			"result": 9.049159415466601,
			"title": "Breakup Song",
			"year": "2012"
		},
		{
			"link": "http://www.progarchives.com/album.asp?id=47589",
			"result": 2.4260151319598084,
			"title": "La Isla Bonita",
			"year": "2014"
		}
	],
	"livealbums": [
		{
			"link": "http://www.progarchives.com/album.asp?id=34072",
			"result": 0,
			"title": "Live Koalamagic",
			"year": "2001"
		}
	]
}