{
	"title": "DELUSION SQUARED",
	"studioalbums": [
		{
			"link": "http://www.progarchives.com/album.asp?id=30984",
			"result": 18.52759304456652,
			"title": "Delusion Squared",
			"year": "2010"
		},
		{
			"link": "http://www.progarchives.com/album.asp?id=36412",
			"result": 18.945271459635116,
			"title": "II",
			"year": "2012"
		},
		{
			"link": "http://www.progarchives.com/album.asp?id=44774",
			"result": 14.361050554378519,
			"title": "The Final Delusion",
			"year": "2014"
		}
	],
	"livealbums": []
}