{
	"title": "DEMIAN CLAV",
	"studioalbums": [
		{
			"link": "http://www.progarchives.com/album.asp?id=43501",
			"result": 0,
			"title": "Nightfall Prayers",
			"year": "2009"
		},
		{
			"link": "http://www.progarchives.com/album.asp?id=43500",
			"result": 0,
			"title": "Wisteria Lodge",
			"year": "2011"
		},
		{
			"link": "http://www.progarchives.com/album.asp?id=43499",
			"result": 2.044784182651839,
			"title": "Adrift (Ten years before Scardanelli)",
			"year": "2013"
		}
	],
	"livealbums": []
}