{
	"title": "DENINZON, JOE",
	"studioalbums": [
		{
			"link": "http://www.progarchives.com/album.asp?id=42346",
			"title": "Electric/Blue",
			"year": "1998"
		},
		{
			"link": "http://www.progarchives.com/album.asp?id=42347",
			"title": "The Adventures of Stratospheerius",
			"year": "2002"
		},
		{
			"link": "http://www.progarchives.com/album.asp?id=42349",
			"title": "Exuberance",
			"year": "2010"
		}
	],
	"livealbums": [
		{
			"link": "http://www.progarchives.com/album.asp?id=42348",
			"title": "Live Wires",
			"year": "2004"
		}
	]
}