{
	"title": "DICE",
	"studioalbums": [
		{
			"link": "http://www.progarchives.com/album.asp?id=49728",
			"result": 0,
			"title": "Christian",
			"year": "1979"
		},
		{
			"link": "http://www.progarchives.com/album.asp?id=21320",
			"result": 7.337559534763014,
			"title": "Nightmare",
			"year": "1997"
		},
		{
			"link": "http://www.progarchives.com/album.asp?id=21322",
			"result": 8.260249441695759,
			"title": "Silvermoon",
			"year": "1999"
		},
		{
			"link": "http://www.progarchives.com/album.asp?id=21323",
			"result": 9.519644233009531,
			"title": "Dreamland",
			"year": "2000"
		},
		{
			"link": "http://www.progarchives.com/album.asp?id=21325",
			"result": 10.507234780276574,
			"title": "Dice in Space",
			"year": "2001"
		},
		{
			"link": "http://www.progarchives.com/album.asp?id=21324",
			"result": 9.351791563913645,
			"title": "Waterworld",
			"year": "2002"
		},
		{
			"link": "http://www.progarchives.com/album.asp?id=21326",
			"result": 7.316757842529611,
			"title": "If the Beatles were From Another Galaxy",
			"year": "2004"
		},
		{
			"link": "http://www.progarchives.com/album.asp?id=21327",
			"result": 7.013850020854724,
			"title": "Time in Eleven Pictures",
			"year": "2005"
		},
		{
			"link": "http://www.progarchives.com/album.asp?id=21328",
			"result": 9.596034236215266,
			"title": "Without vs. Within Pt. 1",
			"year": "2006"
		},
		{
			"link": "http://www.progarchives.com/album.asp?id=21329",
			"result": 11.833142480538264,
			"title": "Within vs. Without Next Part",
			"year": "2007"
		},
		{
			"link": "http://www.progarchives.com/album.asp?id=21330",
			"result": 12.869481325184855,
			"title": "Versus Without Versus - End Part",
			"year": "2009"
		},
		{
			"link": "http://www.progarchives.com/album.asp?id=28675",
			"result": 14.639571450890887,
			"title": "Eternity's Ocean",
			"year": "2010"
		},
		{
			"link": "http://www.progarchives.com/album.asp?id=32259",
			"result": 10.868944099789974,
			"title": "Newborn",
			"year": "2011"
		},
		{
			"link": "http://www.progarchives.com/album.asp?id=36716",
			"result": 7.979429633541053,
			"title": "Comet Highway",
			"year": "2012"
		},
		{
			"link": "http://www.progarchives.com/album.asp?id=40667",
			"result": 9.559417209890801,
			"title": "Para-Dice",
			"year": "2013"
		},
		{
			"link": "http://www.progarchives.com/album.asp?id=45365",
			"result": 9.207370683747515,
			"title": "Twentaurus",
			"year": "2014"
		},
		{
			"link": "http://www.progarchives.com/album.asp?id=49727",
			"result": 6.833368435515642,
			"title": "Son.Sister.Sun",
			"year": "2015"
		},
		{
			"link": "http://www.progarchives.com/album.asp?id=52517",
			"result": 7.219326652995212,
			"title": "X is Double Two on the DICE Map",
			"year": "2016"
		}
	],
	"livealbums": [
		{
			"link": "http://www.progarchives.com/album.asp?id=21331",
			"result": 5.493061443340549,
			"title": "Live 1983 - Rauhe Konzerte\"",
			"year": "1983"
		},
		{
			"link": "http://www.progarchives.com/album.asp?id=21334",
			"result": 6.437751649736401,
			"title": "Space-Rock live",
			"year": "1998"
		},
		{
			"link": "http://www.progarchives.com/album.asp?id=21333",
			"result": 5.493061443340549,
			"title": "Cosmic Prog Live At The Theatron - Munich",
			"year": "2003"
		},
		{
			"link": "http://www.progarchives.com/album.asp?id=21332",
			"result": 8.347954539447294,
			"title": "The Torgau Show",
			"year": "2008"
		}
	]
}