{
	"title": "DIFFERENT LIGHT",
	"studioalbums": [
		{
			"link": "http://www.progarchives.com/album.asp?id=30224",
			"result": 11.065931983022772,
			"title": "All About Yourself",
			"year": "1996"
		},
		{
			"link": "http://www.progarchives.com/album.asp?id=30223",
			"result": 12.302348964366098,
			"title": "Icons That Weep",
			"year": "2009"
		},
		{
			"link": "http://www.progarchives.com/album.asp?id=51374",
			"result": 18.68170359622564,
			"title": "The Burden Of Paradise",
			"year": "2016"
		}
	],
	"livealbums": []
}