{
	"title": "DIRTY PROJECTORS",
	"studioalbums": [
		{
			"link": "http://www.progarchives.com/album.asp?id=54172",
			"title": "The Glad Fact",
			"year": "2003"
		},
		{
			"link": "http://www.progarchives.com/album.asp?id=33674",
			"result": 0,
			"title": "Morning Better Last!",
			"year": "2003"
		},
		{
			"link": "http://www.progarchives.com/album.asp?id=54173",
			"title": "Slaves' Graves & Ballads",
			"year": "2004"
		},
		{
			"link": "http://www.progarchives.com/album.asp?id=54174",
			"title": "The Getty Address",
			"year": "2005"
		},
		{
			"link": "http://www.progarchives.com/album.asp?id=54175",
			"result": 0,
			"title": "Rise Above",
			"year": "2007"
		},
		{
			"link": "http://www.progarchives.com/album.asp?id=33675",
			"result": 10.02895198767461,
			"title": "Bitte Orca",
			"year": "2009"
		},
		{
			"link": "http://www.progarchives.com/album.asp?id=38677",
			"result": 7.783640596221253,
			"title": "Swing Lo Magellan",
			"year": "2012"
		},
		{
			"link": "http://www.progarchives.com/album.asp?id=54179",
			"result": 2.4260151319598084,
			"title": "Dirty Projectors",
			"year": "2017"
		}
	],
	"livealbums": []
}