{
	"title": "DISCONNECT",
	"studioalbums": [
		{
			"link": "http://www.progarchives.com/album.asp?id=31916",
			"result": 11.695393425415729,
			"title": "Radio Hostile",
			"year": "2010"
		},
		{
			"link": "http://www.progarchives.com/album.asp?id=31918",
			"result": 15.246584502771832,
			"title": "Obscuros",
			"year": "2010"
		},
		{
			"link": "http://www.progarchives.com/album.asp?id=33392",
			"result": 15.794998377439622,
			"title": "Indivision",
			"year": "2011"
		},
		{
			"link": "http://www.progarchives.com/album.asp?id=37870",
			"result": 20.34671610942742,
			"title": "Enough Blame To Go Around",
			"year": "2012"
		},
		{
			"link": "http://www.progarchives.com/album.asp?id=45364",
			"result": 14.118689038438918,
			"title": "Planned Obsolescence",
			"year": "2014"
		},
		{
			"link": "http://www.progarchives.com/album.asp?id=53079",
			"result": 8.657064834704705,
			"title": "Darkling",
			"year": "2016"
		}
	],
	"livealbums": []
}