{
	"title": "DISTRICT 97",
	"studioalbums": [
		{
			"link": "http://www.progarchives.com/album.asp?id=30239",
			"result": 16.02599224723856,
			"title": "Hybrid Child",
			"year": "2010"
		},
		{
			"link": "http://www.progarchives.com/album.asp?id=38304",
			"result": 19.63904423589297,
			"title": "Trouble With Machines",
			"year": "2012"
		},
		{
			"link": "http://www.progarchives.com/album.asp?id=49525",
			"result": 13.47171509674901,
			"title": "In Vaults",
			"year": "2015"
		}
	],
	"livealbums": [
		{
			"link": "http://www.progarchives.com/album.asp?id=31947",
			"result": 7.46519513463061,
			"title": "Live at Calprog",
			"year": "2010"
		},
		{
			"link": "http://www.progarchives.com/album.asp?id=38316",
			"result": 7.16703787691222,
			"title": "Live at WFPK FM",
			"year": "2012"
		},
		{
			"link": "http://www.progarchives.com/album.asp?id=47124",
			"result": 8.105239969578456,
			"title": "One More Red Night: Live In Chicago (with John Wetton)",
			"year": "2014"
		}
	]
}