{
	"title": "DOWNES, GEOFFREY",
	"studioalbums": [
		{
			"link": "http://www.progarchives.com/album.asp?id=49802",
			"result": 8.484168249881167,
			"title": "The Light Program (The New Dance Orchestra)",
			"year": "1986"
		},
		{
			"link": "http://www.progarchives.com/album.asp?id=49803",
			"result": 1.3516370020918933,
			"title": "Vox Humana (The New Dance Orchestra)",
			"year": "1992"
		},
		{
			"link": "http://www.progarchives.com/album.asp?id=49804",
			"result": 0.7901877858383376,
			"title": "Evolution",
			"year": "1993"
		},
		{
			"link": "http://www.progarchives.com/album.asp?id=50696",
			"result": 0,
			"title": "The Work Tapes (with Glenn Hughes)",
			"year": "1998"
		},
		{
			"link": "http://www.progarchives.com/album.asp?id=49805",
			"result": 0,
			"title": "The World Service (The New Dance Orchestra)",
			"year": "1999"
		},
		{
			"link": "http://www.progarchives.com/album.asp?id=49818",
			"result": 1.4556090791758851,
			"title": "Shadows & Reflections",
			"year": "2003"
		},
		{
			"link": "http://www.progarchives.com/album.asp?id=49817",
			"result": 2.7575168445569553,
			"title": "Electronica (The New Dance Orchestra)",
			"year": "2010"
		},
		{
			"link": "http://www.progarchives.com/album.asp?id=50656",
			"result": 1.0397207708399179,
			"title": "Pictures Of You (Downes Braide Association)",
			"year": "2012"
		}
	],
	"livealbums": []
}