{
	"title": "DREAM THE ELECTRIC SLEEP",
	"studioalbums": [
		{
			"link": "http://www.progarchives.com/album.asp?id=45304",
			"result": 11.077528229273039,
			"title": "Lost and Gone Forever",
			"year": "2011"
		},
		{
			"link": "http://www.progarchives.com/album.asp?id=45303",
			"result": 20.800248294490952,
			"title": "Heretics",
			"year": "2014"
		},
		{
			"link": "http://www.progarchives.com/album.asp?id=52154",
			"result": 11.560498775560102,
			"title": "Beneath the Dark Wide Sky",
			"year": "2016"
		}
	],
	"livealbums": []
}