{
	"title": "DREAMING TREE, THE",
	"studioalbums": [
		{
			"link": "http://www.progarchives.com/album.asp?id=29405",
			"result": 2.772588722239781,
			"title": "Grafting Lines and Spreading Rumours",
			"year": "2007"
		},
		{
			"link": "http://www.progarchives.com/album.asp?id=29406",
			"result": 7.00914640170254,
			"title": "Progress Has No Patience",
			"year": "2010"
		},
		{
			"link": "http://www.progarchives.com/album.asp?id=49502",
			"result": 6.238324625039508,
			"title": "Silverfade",
			"year": "2015"
		}
	],
	"livealbums": []
}