{
	"title": "DREDG",
	"studioalbums": [
		{
			"link": "http://www.progarchives.com/album.asp?id=8461",
			"result": 15.382030917222458,
			"title": "Leitmotif",
			"year": "2001"
		},
		{
			"link": "http://www.progarchives.com/album.asp?id=8462",
			"result": 22.472345935699344,
			"title": "El Cielo",
			"year": "2002"
		},
		{
			"link": "http://www.progarchives.com/album.asp?id=8463",
			"result": 16.999025213792358,
			"title": "Catch Without Arms",
			"year": "2005"
		},
		{
			"link": "http://www.progarchives.com/album.asp?id=22975",
			"result": 16.638677067744393,
			"title": "The Pariah, the Parrot, the Delusion",
			"year": "2009"
		},
		{
			"link": "http://www.progarchives.com/album.asp?id=32918",
			"result": 8.283303741514695,
			"title": "Chuckles And Mr. Squeezy",
			"year": "2011"
		}
	],
	"livealbums": [
		{
			"link": "http://www.progarchives.com/album.asp?id=13397",
			"result": 11.040744079297928,
			"title": "Live at the Fillmore ",
			"year": "2006"
		}
	]
}