{
	"title": "DUNNERY, FRANCIS",
	"studioalbums": [
		{
			"link": "http://www.progarchives.com/album.asp?id=45146",
			"result": 4.756991209932916,
			"title": "Welcome to the Wild Country",
			"year": "1991"
		},
		{
			"link": "http://www.progarchives.com/album.asp?id=45147",
			"result": 5.545177444479562,
			"title": "Fearless",
			"year": "1994"
		},
		{
			"link": "http://www.progarchives.com/album.asp?id=45149",
			"result": 5.19860385419959,
			"title": "Tall Blonde Helicopter",
			"year": "1995"
		},
		{
			"link": "http://www.progarchives.com/album.asp?id=45151",
			"result": 5.545177444479562,
			"title": "Let's Go Do What Happens",
			"year": "1998"
		},
		{
			"link": "http://www.progarchives.com/album.asp?id=45152",
			"result": 4.756991209932916,
			"title": "Man",
			"year": "2001"
		},
		{
			"link": "http://www.progarchives.com/album.asp?id=45154",
			"result": 2.772588722239781,
			"title": "The Gullery Flat Boys",
			"year": "2005"
		},
		{
			"link": "http://www.progarchives.com/album.asp?id=45155",
			"result": 5.891751034759535,
			"title": "There's a whole new World Out There",
			"year": "2009"
		},
		{
			"link": "http://www.progarchives.com/album.asp?id=45156",
			"result": 0,
			"title": "Made In Space",
			"year": "2011"
		},
		{
			"link": "http://www.progarchives.com/album.asp?id=45157",
			"result": 7.783640596221253,
			"title": "Frankenstein Monster ",
			"year": "2013"
		}
	],
	"livealbums": [
		{
			"link": "http://www.progarchives.com/album.asp?id=45148",
			"result": 0,
			"title": "One Night in Sauchiehall Street",
			"year": "1995"
		},
		{
			"link": "http://www.progarchives.com/album.asp?id=45153",
			"result": 0,
			"title": "Hometown 2001",
			"year": "2001"
		}
	]
}