{
	"title": "DUNPHY, DW.",
	"studioalbums": [
		{
			"link": "http://www.progarchives.com/album.asp?id=22872",
			"title": "Buckaroo",
			"year": "2002"
		},
		{
			"link": "http://www.progarchives.com/album.asp?id=22873",
			"result": 0,
			"title": "The Look And Social Discomfort",
			"year": "2003"
		},
		{
			"link": "http://www.progarchives.com/album.asp?id=22874",
			"result": 2.0794415416798357,
			"title": "Proud Sons Of The Suburbs",
			"year": "2004"
		},
		{
			"link": "http://www.progarchives.com/album.asp?id=22875",
			"result": 0,
			"title": "Gibberish",
			"year": "2005"
		},
		{
			"link": "http://www.progarchives.com/album.asp?id=22876",
			"result": 0,
			"title": "Pseudobiography",
			"year": "2007"
		},
		{
			"link": "http://www.progarchives.com/album.asp?id=22877",
			"result": 0,
			"title": "Modernism",
			"year": "2008"
		},
		{
			"link": "http://www.progarchives.com/album.asp?id=22879",
			"result": 2.114098900707833,
			"title": "Enigmatic",
			"year": "2009"
		},
		{
			"link": "http://www.progarchives.com/album.asp?id=22880",
			"result": 0,
			"title": "Symphonica Transistori",
			"year": "2009"
		},
		{
			"link": "http://www.progarchives.com/album.asp?id=28432",
			"result": 1.4486776073702856,
			"title": "People Wearing Masks",
			"year": "2010"
		},
		{
			"link": "http://www.progarchives.com/album.asp?id=43690",
			"result": 0,
			"title": "The Radial Night",
			"year": "2013"
		},
		{
			"link": "http://www.progarchives.com/album.asp?id=50224",
			"result": 2.141824787930231,
			"title": "Test Test Test",
			"year": "2015"
		},
		{
			"link": "http://www.progarchives.com/album.asp?id=53784",
			"title": "The First Thing That Came To Mind",
			"year": "2016"
		}
	],
	"livealbums": []
}