{
	"title": "DUTCH UNCLES",
	"studioalbums": [
		{
			"link": "http://www.progarchives.com/album.asp?id=35029",
			"result": 2.0794415416798357,
			"title": "Dutch Uncles",
			"year": "2009"
		},
		{
			"link": "http://www.progarchives.com/album.asp?id=35030",
			"result": 6.212430341995627,
			"title": "Cadenza",
			"year": "2011"
		},
		{
			"link": "http://www.progarchives.com/album.asp?id=43723",
			"result": 6.437751649736401,
			"title": "Out Of Touch In The Wild",
			"year": "2013"
		},
		{
			"link": "http://www.progarchives.com/album.asp?id=53246",
			"result": 2.772588722239781,
			"title": "O Shudder",
			"year": "2015"
		},
		{
			"link": "http://www.progarchives.com/album.asp?id=53938",
			"title": "Big Balloon",
			"year": "2017"
		}
	],
	"livealbums": []
}