{
	"title": "DYNAMO BLISS",
	"studioalbums": [
		{
			"link": "http://www.progarchives.com/album.asp?id=28580",
			"result": 9.491264702588325,
			"title": "21st Century Junk",
			"year": "2010"
		},
		{
			"link": "http://www.progarchives.com/album.asp?id=40770",
			"result": 8.374135409785561,
			"title": "Poplar Music",
			"year": "2013"
		},
		{
			"link": "http://www.progarchives.com/album.asp?id=41502",
			"result": 14.260116736144543,
			"title": "Day And Night",
			"year": "2013"
		}
	],
	"livealbums": []
}