{
	"title": "DYONISOS",
	"studioalbums": [
		{
			"link": "http://www.progarchives.com/album.asp?id=35197",
			"result": 3.119162312519754,
			"title": "Haiku",
			"year": "1999"
		},
		{
			"link": "http://www.progarchives.com/album.asp?id=35196",
			"result": 3.119162312519754,
			"title": "Juxtaposition",
			"year": "2001"
		},
		{
			"link": "http://www.progarchives.com/album.asp?id=35194",
			"result": 9.030593012851863,
			"title": "An Incidental Collection",
			"year": "2007"
		},
		{
			"link": "http://www.progarchives.com/album.asp?id=35195",
			"result": 8.313030588288063,
			"title": "Ages High",
			"year": "2008"
		}
	],
	"livealbums": []
}