{
	"title": "ECLIPSE SOL-AIR",
	"studioalbums": [
		{
			"link": "http://www.progarchives.com/album.asp?id=43971",
			"result": 3.7499903359714537,
			"title": "The Dark Side Guide",
			"year": "2007"
		},
		{
			"link": "http://www.progarchives.com/album.asp?id=43972",
			"result": 12.839337474605701,
			"title": "Bartok's Crisis",
			"year": "2011"
		},
		{
			"link": "http://www.progarchives.com/album.asp?id=43973",
			"result": 13.9322583292549,
			"title": "Schizophilia",
			"year": "2013"
		}
	],
	"livealbums": [
		{
			"link": "http://www.progarchives.com/album.asp?id=43975",
			"result": 0,
			"title": "Eclipse Sol-Air Concert",
			"year": "2008"
		}
	]
}