{
	"title": "ELECTRIC LIGHT ORCHESTRA",
	"studioalbums": [
		{
			"link": "http://www.progarchives.com/album.asp?id=10477",
			"result": 19.45454894463757,
			"title": "Electric Light Orchestra [Aka: No Answer]",
			"year": "1971"
		},
		{
			"link": "http://www.progarchives.com/album.asp?id=10478",
			"result": 18.791232127771945,
			"title": "ELO 2 [Aka: Electric Light Orchestra II ‎]",
			"year": "1972"
		},
		{
			"link": "http://www.progarchives.com/album.asp?id=10510",
			"result": 20.353391337342753,
			"title": "On The Third Day",
			"year": "1973"
		},
		{
			"link": "http://www.progarchives.com/album.asp?id=10511",
			"result": 22.17548616010773,
			"title": "Eldorado",
			"year": "1974"
		},
		{
			"link": "http://www.progarchives.com/album.asp?id=10513",
			"result": 17.999499577587112,
			"title": "Face The Music",
			"year": "1975"
		},
		{
			"link": "http://www.progarchives.com/album.asp?id=10519",
			"result": 18.153959668568636,
			"title": "A New World Record",
			"year": "1976"
		},
		{
			"link": "http://www.progarchives.com/album.asp?id=10529",
			"result": 20.073542349016016,
			"title": "Out Of The Blue",
			"year": "1977"
		},
		{
			"link": "http://www.progarchives.com/album.asp?id=10531",
			"result": 14.544653490879304,
			"title": "Discovery",
			"year": "1979"
		},
		{
			"link": "http://www.progarchives.com/album.asp?id=10609",
			"result": 10.886444538504604,
			"title": "ELO & Olivia Newton-John: Xanadu (OST)",
			"year": "1980"
		},
		{
			"link": "http://www.progarchives.com/album.asp?id=10547",
			"result": 18.1527565350715,
			"title": "Time",
			"year": "1981"
		},
		{
			"link": "http://www.progarchives.com/album.asp?id=10570",
			"result": 12.545951360861718,
			"title": "Secret Messages",
			"year": "1983"
		},
		{
			"link": "http://www.progarchives.com/album.asp?id=10549",
			"result": 9.697323989856983,
			"title": "Balance Of Power",
			"year": "1986"
		},
		{
			"link": "http://www.progarchives.com/album.asp?id=10641",
			"result": 9.326323099937284,
			"title": "ELO Part II: Electric Light Orchestra Part Two",
			"year": "1990"
		},
		{
			"link": "http://www.progarchives.com/album.asp?id=10643",
			"result": 9.611841670152383,
			"title": "ELO Part II: Moment Of Truth",
			"year": "1994"
		},
		{
			"link": "http://www.progarchives.com/album.asp?id=10553",
			"result": 14.28050024272887,
			"title": "Zoom",
			"year": "2001"
		},
		{
			"link": "http://www.progarchives.com/album.asp?id=50693",
			"result": 11.115454470129333,
			"title": "Jeff Lynne's ELO: Alone In The Universe",
			"year": "2015"
		}
	],
	"livealbums": [
		{
			"link": "http://www.progarchives.com/album.asp?id=10544",
			"result": 11.748265406527374,
			"title": "The Night the Light Went On In Long Beach",
			"year": "1974"
		},
		{
			"link": "http://www.progarchives.com/album.asp?id=10642",
			"result": 1.8346825220757432,
			"title": "Electric Light Orchestra - Greatest Hits Live [LIVE] (Electric Light Orchestra Part II: post ELO)",
			"year": "1992"
		},
		{
			"link": "http://www.progarchives.com/album.asp?id=14419",
			"result": 3.547683749071549,
			"title": "One Night, Live in Australia (Electric Light Orchestra Part II: post ELO)",
			"year": "1996"
		},
		{
			"link": "http://www.progarchives.com/album.asp?id=20730",
			"result": 2.5923704552941955,
			"title": "Greatest Hits Live, Part II: The Encore Collection",
			"year": "1998"
		},
		{
			"link": "http://www.progarchives.com/album.asp?id=10572",
			"result": 8.789106249500106,
			"title": "Live at Winterland '76",
			"year": "1998"
		},
		{
			"link": "http://www.progarchives.com/album.asp?id=10573",
			"result": 4.098601465529402,
			"title": "Live at Wembley '78",
			"year": "1998"
		},
		{
			"link": "http://www.progarchives.com/album.asp?id=22815",
			"result": 11.312161986738307,
			"title": "Live at the BBC",
			"year": "1999"
		},
		{
			"link": "http://www.progarchives.com/album.asp?id=43402",
			"result": 0,
			"title": "The BBC Sessions",
			"year": "1999"
		},
		{
			"link": "http://www.progarchives.com/album.asp?id=23449",
			"result": 4.981529981581602,
			"title": "greatest Hits Of E.L.O.- Part II",
			"year": "2001"
		},
		{
			"link": "http://www.progarchives.com/album.asp?id=11204",
			"result": 1.0986122886681098,
			"title": "Strange Magic (Electric Light Orchestra II: post ELO)",
			"year": "2003"
		},
		{
			"link": "http://www.progarchives.com/album.asp?id=42015",
			"result": 7.278045395879425,
			"title": "Electric Light Orchestra Live",
			"year": "2013"
		}
	]
}