{
	"title": "ELECTRA",
	"studioalbums": [
		{
			"link": "http://www.progarchives.com/album.asp?id=39418",
			"result": 4.3393796323933485,
			"title": "Electra Combo (as Electra-Combo)",
			"year": "1974"
		},
		{
			"link": "http://www.progarchives.com/album.asp?id=39419",
			"result": 7.6215566578102925,
			"title": "Adaptionen",
			"year": "1975"
		},
		{
			"link": "http://www.progarchives.com/album.asp?id=39420",
			"result": 4.852030263919617,
			"title": "3",
			"year": "1980"
		},
		{
			"link": "http://www.progarchives.com/album.asp?id=39421",
			"result": 9.419870183809657,
			"title": "Die Sixtinische Madonna",
			"year": "1980"
		},
		{
			"link": "http://www.progarchives.com/album.asp?id=39422",
			"result": 4.505456673639644,
			"title": "Ein Tag wie eine Brücke",
			"year": "1981"
		},
		{
			"link": "http://www.progarchives.com/album.asp?id=39423",
			"result": 2.5597666325966957,
			"title": "Augen der Sehnsucht",
			"year": "1985"
		},
		{
			"link": "http://www.progarchives.com/album.asp?id=39424",
			"result": 2.1972245773362196,
			"title": "Tausend und ein Gefühl",
			"year": "1987"
		},
		{
			"link": "http://www.progarchives.com/album.asp?id=39425",
			"result": 2.5597666325966957,
			"title": "Der Aufrechte Gang",
			"year": "2004"
		}
	],
	"livealbums": [
		{
			"link": "http://www.progarchives.com/album.asp?id=39426",
			"result": 0,
			"title": "Live",
			"year": "2002"
		},
		{
			"link": "http://www.progarchives.com/album.asp?id=39427",
			"title": "40 Jahre Electra Klassik: Das Jubiläumskonzert",
			"year": "2009"
		}
	]
}