{
	"title": "ELECTRIC SORCERY",
	"studioalbums": [
		{
			"link": "http://www.progarchives.com/album.asp?id=30329",
			"result": 5.19860385419959,
			"title": "Electric Sorcery",
			"year": "2009"
		},
		{
			"link": "http://www.progarchives.com/album.asp?id=30331",
			"result": 6.575757252066961,
			"title": "Electric Sorcery II",
			"year": "2009"
		},
		{
			"link": "http://www.progarchives.com/album.asp?id=33057",
			"result": 5.793976484762761,
			"title": "Believe in Own Best Friend",
			"year": "2011"
		}
	],
	"livealbums": [
		{
			"link": "http://www.progarchives.com/album.asp?id=30330",
			"title": "Live In The NEK",
			"year": "2009"
		},
		{
			"link": "http://www.progarchives.com/album.asp?id=47159",
			"title": "One Night in Electric Sorcery...",
			"year": "2013"
		}
	]
}