{
	"title": "ELEND",
	"studioalbums": [
		{
			"link": "http://www.progarchives.com/album.asp?id=32917",
			"result": 4.574771391695639,
			"title": "Leçons de Ténèbres",
			"year": "1994"
		},
		{
			"link": "http://www.progarchives.com/album.asp?id=33421",
			"result": 6.957738619406401,
			"title": "Les Ténèbres du Dehors",
			"year": "1996"
		},
		{
			"link": "http://www.progarchives.com/album.asp?id=33422",
			"result": 6.324207984429768,
			"title": "Weeping Nights",
			"year": "1997"
		},
		{
			"link": "http://www.progarchives.com/album.asp?id=32860",
			"result": 4.351885825758747,
			"title": "The Umbersun",
			"year": "1998"
		},
		{
			"link": "http://www.progarchives.com/album.asp?id=33423",
			"result": 4.928276453781211,
			"title": "Winds Devouring Men",
			"year": "2003"
		},
		{
			"link": "http://www.progarchives.com/album.asp?id=33424",
			"result": 4.300222726147331,
			"title": "Sunwar the Dead",
			"year": "2004"
		},
		{
			"link": "http://www.progarchives.com/album.asp?id=33425",
			"result": 5.87697105906802,
			"title": "A World in Their Screams",
			"year": "2007"
		}
	],
	"livealbums": []
}