{
	"title": "EMERSON, KEITH",
	"studioalbums": [
		{
			"link": "http://www.progarchives.com/album.asp?id=16471",
			"result": 11.885789386141113,
			"title": "Inferno",
			"year": "1980"
		},
		{
			"link": "http://www.progarchives.com/album.asp?id=14636",
			"result": 10.925121345640818,
			"title": "Honky",
			"year": "1981"
		},
		{
			"link": "http://www.progarchives.com/album.asp?id=15280",
			"result": 10.663054432560653,
			"title": "Nighthawks",
			"year": "1981"
		},
		{
			"link": "http://www.progarchives.com/album.asp?id=51661",
			"result": 6.862438767143451,
			"title": "Best Revenge",
			"year": "1982"
		},
		{
			"link": "http://www.progarchives.com/album.asp?id=20407",
			"result": 8.205392109339696,
			"title": "Murderock- Uccide A Passo Di Danza",
			"year": "1984"
		},
		{
			"link": "http://www.progarchives.com/album.asp?id=26450",
			"result": 8.509428649791012,
			"title": "The Christmas Album",
			"year": "1988"
		},
		{
			"link": "http://www.progarchives.com/album.asp?id=14740",
			"result": 9.98406712434736,
			"title": "Changing States/Cream of Emerson Soup",
			"year": "1995"
		},
		{
			"link": "http://www.progarchives.com/album.asp?id=18824",
			"result": 6.540620861526918,
			"title": "Iron Man Vol 1",
			"year": "2001"
		},
		{
			"link": "http://www.progarchives.com/album.asp?id=14739",
			"result": 13.049151377043556,
			"title": "Emerson Plays Emerson",
			"year": "2002"
		},
		{
			"link": "http://www.progarchives.com/album.asp?id=19762",
			"result": 15.417410691419338,
			"title": "Keith Emerson Band featuring Marc Bonilla",
			"year": "2008"
		},
		{
			"link": "http://www.progarchives.com/album.asp?id=39513",
			"result": 11.853160633371369,
			"title": "Three Fates Project (with Marc Bonilla & Terje Mikkelsen)",
			"year": "2012"
		}
	],
	"livealbums": [
		{
			"link": "http://www.progarchives.com/album.asp?id=22682",
			"result": 7.6908625711302765,
			"title": "Keith Emerson - Glenn Hughes - Marc Bonilla. Boys Club - Live From California",
			"year": "2009"
		},
		{
			"link": "http://www.progarchives.com/album.asp?id=32526",
			"result": 12.858736605970595,
			"title": "Keith Emerson Band Featuring Marc Bonilla - Moscow",
			"year": "2011"
		},
		{
			"link": "http://www.progarchives.com/album.asp?id=45595",
			"result": 9.261531687769558,
			"title": "Live From Manticore Hall (Emerson & Lake)",
			"year": "2014"
		}
	]
}