{
	"title": "EMMENS, GERT",
	"studioalbums": [
		{
			"link": "http://www.progarchives.com/album.asp?id=41298",
			"title": "Light the Light",
			"year": "1995"
		},
		{
			"link": "http://www.progarchives.com/album.asp?id=41299",
			"result": 0,
			"title": "Elektra",
			"year": "1999"
		},
		{
			"link": "http://www.progarchives.com/album.asp?id=41300",
			"title": "Asteroids",
			"year": "2001"
		},
		{
			"link": "http://www.progarchives.com/album.asp?id=41301",
			"result": 0,
			"title": "Wanderer of Time",
			"year": "2003"
		},
		{
			"link": "http://www.progarchives.com/album.asp?id=41302",
			"result": 2.772588722239781,
			"title": "Obscure Movements in Twilight Shades",
			"year": "2003"
		},
		{
			"link": "http://www.progarchives.com/album.asp?id=41304",
			"title": "Waves of Dreams",
			"year": "2004"
		},
		{
			"link": "http://www.progarchives.com/album.asp?id=41316",
			"title": "Return to the Origin (with Ruud Heij)",
			"year": "2004"
		},
		{
			"link": "http://www.progarchives.com/album.asp?id=41317",
			"title": "Blind Watchers of a Vanishing Night (with Ruud Heij)",
			"year": "2005"
		},
		{
			"link": "http://www.progarchives.com/album.asp?id=41305",
			"result": 0,
			"title": "When Darkness Falls Upon the Earth",
			"year": "2005"
		},
		{
			"link": "http://www.progarchives.com/album.asp?id=41306",
			"title": "The Tale of the Warlock",
			"year": "2006"
		},
		{
			"link": "http://www.progarchives.com/album.asp?id=41318",
			"title": "Journey (with Ruud Heij)",
			"year": "2006"
		},
		{
			"link": "http://www.progarchives.com/album.asp?id=41307",
			"title": "A Boy's World",
			"year": "2007"
		},
		{
			"link": "http://www.progarchives.com/album.asp?id=41308",
			"title": "The Nearest Faraway Place Volume 1",
			"year": "2008"
		},
		{
			"link": "http://www.progarchives.com/album.asp?id=41319",
			"title": "Silent Witnesses of Industrial Landscapes (with Ruud Heij)",
			"year": "2008"
		},
		{
			"link": "http://www.progarchives.com/album.asp?id=41309",
			"title": "The Nearest Faraway Place Vol. 2",
			"year": "2009"
		},
		{
			"link": "http://www.progarchives.com/album.asp?id=41310",
			"title": "The Nearest Faraway Place Vol. 3",
			"year": "2010"
		},
		{
			"link": "http://www.progarchives.com/album.asp?id=41311",
			"title": "Metamorphosis",
			"year": "2010"
		},
		{
			"link": "http://www.progarchives.com/album.asp?id=41320",
			"title": "The Sculpture Garden (with Ruud Heij)",
			"year": "2011"
		},
		{
			"link": "http://www.progarchives.com/album.asp?id=41322",
			"title": "Legacy (with Free System Projekt)",
			"year": "2011"
		},
		{
			"link": "http://www.progarchives.com/album.asp?id=41314",
			"title": "Life in Cosmic Highway (with Cadenced Heaven)",
			"year": "2011"
		},
		{
			"link": "http://www.progarchives.com/album.asp?id=41315",
			"result": 0,
			"title": "Mystic Dawn (with Cadenced Heaven)",
			"year": "2012"
		},
		{
			"link": "http://www.progarchives.com/album.asp?id=41321",
			"title": "Lost in the Swamp (with Ruud Heij)",
			"year": "2012"
		},
		{
			"link": "http://www.progarchives.com/album.asp?id=41312",
			"result": 0,
			"title": "An Artist's Stroke",
			"year": "2012"
		},
		{
			"link": "http://www.progarchives.com/album.asp?id=41313",
			"title": "Memories (as Gert Emmens Project)",
			"year": "2013"
		},
		{
			"link": "http://www.progarchives.com/album.asp?id=45169",
			"title": "The Day After",
			"year": "2013"
		},
		{
			"link": "http://www.progarchives.com/album.asp?id=45401",
			"title": "Signs (with Ruud Heij)",
			"year": "2014"
		},
		{
			"link": "http://www.progarchives.com/album.asp?id=47361",
			"title": "Outland",
			"year": "2014"
		},
		{
			"link": "http://www.progarchives.com/album.asp?id=50065",
			"title": "Urban Decay (with Ruud Heij)",
			"year": "2014"
		},
		{
			"link": "http://www.progarchives.com/album.asp?id=50066",
			"title": "Echoes From Future Memories (with Ruud Heij)",
			"year": "2015"
		}
	],
	"livealbums": [
		{
			"link": "http://www.progarchives.com/album.asp?id=41303",
			"title": "Live: A Long Way From Home",
			"year": "2004"
		}
	]
}