{
	"title": "ENGLISH, AARON",
	"studioalbums": [
		{
			"link": "http://www.progarchives.com/album.asp?id=29911",
			"result": 5.729598968265397,
			"title": "All the Waters of This World",
			"year": "2002"
		},
		{
			"link": "http://www.progarchives.com/album.asp?id=20142",
			"result": 2.4260151319598084,
			"title": "The Marriage of the Sun and the Moon",
			"year": "2007"
		},
		{
			"link": "http://www.progarchives.com/album.asp?id=30100",
			"result": 0,
			"title": "American Fever Dream",
			"year": "2010"
		}
	],
	"livealbums": []
}