{
	"title": "EVELINE",
	"studioalbums": [
		{
			"link": "http://www.progarchives.com/album.asp?id=26869",
			"result": 0,
			"title": "Happy Birthday, Eveline",
			"year": "2005"
		},
		{
			"link": "http://www.progarchives.com/album.asp?id=26870",
			"result": 4.394449154672439,
			"title": "Waking Up Before Dawn",
			"year": "2008"
		},
		{
			"link": "http://www.progarchives.com/album.asp?id=33309",
			"result": 5.661959922760654,
			"title": "Alpha Omega",
			"year": "2011"
		}
	],
	"livealbums": []
}