{
	"title": "EVENT",
	"studioalbums": [
		{
			"link": "http://www.progarchives.com/album.asp?id=2792",
			"result": 9.815381266662602,
			"title": "Electric Skies",
			"year": "1998"
		},
		{
			"link": "http://www.progarchives.com/album.asp?id=2793",
			"result": 5.932506358807793,
			"title": "Human Condition ",
			"year": "2001"
		},
		{
			"link": "http://www.progarchives.com/album.asp?id=2791",
			"result": 7.284456175190764,
			"title": "Scratching at the Surface",
			"year": "2003"
		}
	],
	"livealbums": []
}