{
	"title": "EX-WISE HEADS",
	"studioalbums": [
		{
			"link": "http://www.progarchives.com/album.asp?id=29410",
			"result": 4.1588830833596715,
			"title": "No Grey Matter",
			"year": "2000"
		},
		{
			"link": "http://www.progarchives.com/album.asp?id=29411",
			"result": 6.402044390391981,
			"title": "Time and Emotion Study",
			"year": "2003"
		},
		{
			"link": "http://www.progarchives.com/album.asp?id=29412",
			"result": 6.946899232127468,
			"title": "Holding up the Sky",
			"year": "2006"
		},
		{
			"link": "http://www.progarchives.com/album.asp?id=29413",
			"result": 7.797905781299384,
			"title": "Liquid Assets",
			"year": "2007"
		},
		{
			"link": "http://www.progarchives.com/album.asp?id=33505",
			"result": 2.772588722239781,
			"title": "Celestial Disclosure",
			"year": "2008"
		},
		{
			"link": "http://www.progarchives.com/album.asp?id=33506",
			"result": 4.031907099411963,
			"title": "Schemata",
			"year": "2011"
		}
	],
	"livealbums": []
}