{
	"title": "EYEVORY",
	"studioalbums": [
		{
			"link": "http://www.progarchives.com/album.asp?id=42578",
			"result": 6.679562715102108,
			"title": "Euphobia",
			"year": "2013"
		},
		{
			"link": "http://www.progarchives.com/album.asp?id=52656",
			"result": 7.558452546036595,
			"title": "Inphantasia",
			"year": "2016"
		}
	],
	"livealbums": [
		{
			"link": "http://www.progarchives.com/album.asp?id=52653",
			"title": "A Symphonic Night Of Prog Rock (with The Euphobia Orchestra)",
			"year": "2014"
		}
	]
}