{
	"title": "FAIR TO MIDLAND",
	"studioalbums": [
		{
			"link": "http://www.progarchives.com/album.asp?id=24326",
			"result": 8.73365447505531,
			"title": "The Carbon Copy Silver Lining",
			"year": "2001"
		},
		{
			"link": "http://www.progarchives.com/album.asp?id=24327",
			"result": 13.252484472550934,
			"title": "inter.funda.stifle",
			"year": "2004"
		},
		{
			"link": "http://www.progarchives.com/album.asp?id=24328",
			"result": 17.73180492462664,
			"title": "Fables from a Mayfly: What I Tell You Three Times Is True",
			"year": "2007"
		},
		{
			"link": "http://www.progarchives.com/album.asp?id=33268",
			"result": 14.719910172499647,
			"title": "Arrows & Anchors",
			"year": "2011"
		}
	],
	"livealbums": []
}