{
	"title": "FATAL FUSION",
	"studioalbums": [
		{
			"link": "http://www.progarchives.com/album.asp?id=33482",
			"result": 13.108909395466206,
			"title": "Land Of The Sun",
			"year": "2010"
		},
		{
			"link": "http://www.progarchives.com/album.asp?id=42905",
			"result": 19.364106982667817,
			"title": "The Ancient Tale",
			"year": "2013"
		},
		{
			"link": "http://www.progarchives.com/album.asp?id=53119",
			"result": 13.812292163801652,
			"title": "Total Absence",
			"year": "2016"
		}
	],
	"livealbums": []
}