{
	"title": "FIELD MUSIC",
	"studioalbums": [
		{
			"link": "http://www.progarchives.com/album.asp?id=36861",
			"result": 4.1588830833596715,
			"title": "Field Music",
			"year": "2005"
		},
		{
			"link": "http://www.progarchives.com/album.asp?id=36862",
			"result": 4.852030263919617,
			"title": "Tones of Town",
			"year": "2007"
		},
		{
			"link": "http://www.progarchives.com/album.asp?id=36863",
			"result": 8.788898309344878,
			"title": "Field Music (Measure)",
			"year": "2010"
		},
		{
			"link": "http://www.progarchives.com/album.asp?id=36864",
			"result": 9.131138360468794,
			"title": "Plumb",
			"year": "2012"
		}
	],
	"livealbums": []
}