{
	"title": "FINDLAY, HEATHER",
	"studioalbums": [
		{
			"link": "http://www.progarchives.com/album.asp?id=53317",
			"result": 8.481286868517808,
			"title": "I Am Snow",
			"year": "2016"
		}
	],
	"livealbums": [
		{
			"link": "http://www.progarchives.com/album.asp?id=37903",
			"result": 0,
			"title": "Live at the Cafe 68 (with Chris Johnson)",
			"year": "2012"
		},
		{
			"link": "http://www.progarchives.com/album.asp?id=39616",
			"result": 2.772588722239781,
			"title": "The Heather Findlay Band: Songs from the Old Kitchen",
			"year": "2012"
		}
	]
}