{
	"title": "FISH ON FRIDAY",
	"studioalbums": [
		{
			"link": "http://www.progarchives.com/album.asp?id=33669",
			"result": 13.188588362064445,
			"title": "Shoot The Moon",
			"year": "2010"
		},
		{
			"link": "http://www.progarchives.com/album.asp?id=39642",
			"result": 15.074383459490466,
			"title": "Airborne",
			"year": "2012"
		},
		{
			"link": "http://www.progarchives.com/album.asp?id=46742",
			"result": 14.190907396691802,
			"title": "Godspeed",
			"year": "2014"
		},
		{
			"link": "http://www.progarchives.com/album.asp?id=53968",
			"result": 8.068233181717762,
			"title": "Quiet Life",
			"year": "2017"
		}
	],
	"livealbums": []
}