{
	"title": "FRACTAL MIRROR",
	"studioalbums": [
		{
			"link": "http://www.progarchives.com/album.asp?id=44920",
			"result": 7.206229284385201,
			"title": "Strange Attractors",
			"year": "2013"
		},
		{
			"link": "http://www.progarchives.com/album.asp?id=47134",
			"result": 14.251254803444324,
			"title": "Garden Of Ghosts",
			"year": "2014"
		},
		{
			"link": "http://www.progarchives.com/album.asp?id=51576",
			"result": 11.07012383274231,
			"title": "Slow Burn 1",
			"year": "2016"
		}
	],
	"livealbums": []
}