{
	"title": "FRAGILE",
	"studioalbums": [
		{
			"link": "http://www.progarchives.com/album.asp?id=7603",
			"result": 0,
			"title": "Manifest",
			"year": "1998"
		},
		{
			"link": "http://www.progarchives.com/album.asp?id=7604",
			"result": 0,
			"title": "Öunapuu Osakas",
			"year": "2000"
		},
		{
			"link": "http://www.progarchives.com/album.asp?id=13324",
			"title": "Saad",
			"year": "2004"
		},
		{
			"link": "http://www.progarchives.com/album.asp?id=26400",
			"title": "Uchke ali (as Nadia & Fragile)",
			"year": "2008"
		},
		{
			"link": "http://www.progarchives.com/album.asp?id=41803",
			"title": "Roomu Allikas (Source of Joy)",
			"year": "2013"
		}
	],
	"livealbums": []
}