{
	"title": "FRANC ALBIR",
	"studioalbums": [
		{
			"link": "http://www.progarchives.com/album.asp?id=41481",
			"result": 0,
			"title": "L'u",
			"year": "1992"
		},
		{
			"link": "http://www.progarchives.com/album.asp?id=41482",
			"title": "Tocant el Dos",
			"year": "2006"
		},
		{
			"link": "http://www.progarchives.com/album.asp?id=41483",
			"result": 7.797905781299384,
			"title": "Tres",
			"year": "2013"
		},
		{
			"link": "http://www.progarchives.com/album.asp?id=41484",
			"result": 11.25671021229351,
			"title": "Hoc",
			"year": "2013"
		}
	],
	"livealbums": []
}