{
	"title": "FREDDEGREDDE",
	"studioalbums": [
		{
			"link": "http://www.progarchives.com/album.asp?id=34907",
			"result": 14.893415032342581,
			"title": "Thirteen Eight",
			"year": "2011"
		},
		{
			"link": "http://www.progarchives.com/album.asp?id=45503",
			"result": 17.92722284160194,
			"title": "Brighter Skies",
			"year": "2014"
		},
		{
			"link": "http://www.progarchives.com/album.asp?id=54290",
			"result": 2.933294810743853,
			"title": "Eyes on the Edge",
			"year": "2017"
		}
	],
	"livealbums": []
}