{
	"title": "FREQUENCY DRIFT",
	"studioalbums": [
		{
			"link": "http://www.progarchives.com/album.asp?id=19266",
			"result": 16.75233191677237,
			"title": "Personal Effects - Part One",
			"year": "2008"
		},
		{
			"link": "http://www.progarchives.com/album.asp?id=27864",
			"result": 16.897403091010833,
			"title": "Personal Effects - Part Two",
			"year": "2010"
		},
		{
			"link": "http://www.progarchives.com/album.asp?id=34130",
			"result": 22.25792887997703,
			"title": "Ghosts",
			"year": "2011"
		},
		{
			"link": "http://www.progarchives.com/album.asp?id=38349",
			"result": 20.657326579365535,
			"title": "Laid To Rest",
			"year": "2012"
		},
		{
			"link": "http://www.progarchives.com/album.asp?id=43823",
			"result": 20.61045455587186,
			"title": "Over",
			"year": "2014"
		},
		{
			"link": "http://www.progarchives.com/album.asp?id=46737",
			"result": 17.550128347238818,
			"title": "Summer",
			"year": "2014"
		},
		{
			"link": "http://www.progarchives.com/album.asp?id=51083",
			"result": 15.064243569127214,
			"title": "Last",
			"year": "2016"
		}
	],
	"livealbums": []
}