{
	"title": "FRÖBERG & MUSICAL COMPANION, HASSE",
	"studioalbums": [
		{
			"link": "http://www.progarchives.com/album.asp?id=33486",
			"result": 15.646608406519709,
			"title": "Future Past",
			"year": "2010"
		},
		{
			"link": "http://www.progarchives.com/album.asp?id=37634",
			"result": 15.06757277647409,
			"title": "Powerplay",
			"year": "2012"
		},
		{
			"link": "http://www.progarchives.com/album.asp?id=48405",
			"result": 18.449330586763818,
			"title": "HFMC",
			"year": "2015"
		}
	],
	"livealbums": []
}