{
	"title": "FSB",
	"studioalbums": [
		{
			"link": "http://www.progarchives.com/album.asp?id=44202",
			"result": 7.663782069119255,
			"title": "Non Stop",
			"year": "1977"
		},
		{
			"link": "http://www.progarchives.com/album.asp?id=44201",
			"result": 10.393869596457533,
			"title": "II",
			"year": "1979"
		},
		{
			"link": "http://www.progarchives.com/album.asp?id=44200",
			"result": 7.653512481347041,
			"title": "The Globe",
			"year": "1980"
		},
		{
			"link": "http://www.progarchives.com/album.asp?id=44199",
			"result": 6.758185010459466,
			"title": "78 RPM",
			"year": "1981"
		},
		{
			"link": "http://www.progarchives.com/album.asp?id=44198",
			"result": 7.822119495316942,
			"title": "Ten Years After",
			"year": "1983"
		},
		{
			"link": "http://www.progarchives.com/album.asp?id=44197",
			"result": 6.758185010459466,
			"title": "VIsionary",
			"year": "1984"
		},
		{
			"link": "http://www.progarchives.com/album.asp?id=44195",
			"result": 5.993403259090365,
			"title": "I Love You Up To Here",
			"year": "1987"
		},
		{
			"link": "http://www.progarchives.com/album.asp?id=44192",
			"result": 6.575757252066961,
			"title": "FSB.",
			"year": "2010"
		}
	],
	"livealbums": [
		{
			"link": "http://www.progarchives.com/album.asp?id=44196",
			"result": 8.317766166719343,
			"title": "In Concert",
			"year": "1985"
		}
	]
}