{
	"title": "GABRIEL, PETER",
	"studioalbums": [
		{
			"link": "http://www.progarchives.com/album.asp?id=3634",
			"result": 22.57648723378694,
			"title": "Peter Gabriel 1 [Aka: Car]",
			"year": "1977"
		},
		{
			"link": "http://www.progarchives.com/album.asp?id=3635",
			"result": 18.33514343021823,
			"title": "Peter Gabriel 2 [Aka: Scratch]",
			"year": "1978"
		},
		{
			"link": "http://www.progarchives.com/album.asp?id=3636",
			"result": 27.832214546845904,
			"title": "Peter Gabriel 3 [Aka: Melt]",
			"year": "1980"
		},
		{
			"link": "http://www.progarchives.com/album.asp?id=3638",
			"result": 24.530056944499943,
			"title": "Peter Gabriel 4 [Aka: Mask or Security]",
			"year": "1982"
		},
		{
			"link": "http://www.progarchives.com/album.asp?id=3640",
			"result": 15.21817301882768,
			"title": "Birdy (OST)",
			"year": "1985"
		},
		{
			"link": "http://www.progarchives.com/album.asp?id=3641",
			"result": 24.429372283385575,
			"title": "So",
			"year": "1986"
		},
		{
			"link": "http://www.progarchives.com/album.asp?id=3642",
			"result": 24.149086925434435,
			"title": "Passion - Music from The Last Temptation Of Christ",
			"year": "1989"
		},
		{
			"link": "http://www.progarchives.com/album.asp?id=4487",
			"result": 21.89881206130201,
			"title": "Us",
			"year": "1992"
		},
		{
			"link": "http://www.progarchives.com/album.asp?id=3646",
			"result": 18.219041829523352,
			"title": "OVO",
			"year": "2000"
		},
		{
			"link": "http://www.progarchives.com/album.asp?id=3647",
			"result": 15.607248307102765,
			"title": "Long Walk Home - Music from The Rabbit-Proof Fence",
			"year": "2002"
		},
		{
			"link": "http://www.progarchives.com/album.asp?id=3637",
			"result": 24.835988132808687,
			"title": "Up",
			"year": "2002"
		},
		{
			"link": "http://www.progarchives.com/album.asp?id=18879",
			"result": 13.094864257833184,
			"title": "Big Blue Ball",
			"year": "2008"
		},
		{
			"link": "http://www.progarchives.com/album.asp?id=27023",
			"result": 15.614990203713587,
			"title": "Scratch My Back",
			"year": "2010"
		},
		{
			"link": "http://www.progarchives.com/album.asp?id=34930",
			"result": 18.53098011652843,
			"title": "New Blood",
			"year": "2011"
		},
		{
			"link": "http://www.progarchives.com/album.asp?id=42433",
			"result": 11.357935425044673,
			"title": "And I'll Scratch Yours",
			"year": "2013"
		}
	],
	"livealbums": [
		{
			"link": "http://www.progarchives.com/album.asp?id=3639",
			"result": 21.835581184582352,
			"title": "Plays Live",
			"year": "1983"
		},
		{
			"link": "http://www.progarchives.com/album.asp?id=3645",
			"result": 19.17962438369426,
			"title": "Secret World Live",
			"year": "1994"
		},
		{
			"link": "http://www.progarchives.com/album.asp?id=24727",
			"result": 8.755912334249855,
			"title": "Plays Live - Highlights",
			"year": "2002"
		},
		{
			"link": "http://www.progarchives.com/album.asp?id=35118",
			"result": 13.832383102440584,
			"title": "Live Blood",
			"year": "2011"
		},
		{
			"link": "http://www.progarchives.com/album.asp?id=41471",
			"result": 8.837626552139302,
			"title": "Live in Buenos Aires 1988",
			"year": "2011"
		}
	]
}