{
	"title": "GALIJA",
	"studioalbums": [
		{
			"link": "http://www.progarchives.com/album.asp?id=11036",
			"result": 7.673264872954786,
			"title": "Grupa Galija",
			"year": "1979"
		},
		{
			"link": "http://www.progarchives.com/album.asp?id=11037",
			"result": 5.590289543991531,
			"title": "Druga plovidba",
			"year": "1980"
		},
		{
			"link": "http://www.progarchives.com/album.asp?id=11038",
			"result": 7.70580419025904,
			"title": "Ipak verujem u sebe",
			"year": "1982"
		},
		{
			"link": "http://www.progarchives.com/album.asp?id=11039",
			"result": 3.1544983083708367,
			"title": "Bez naglih skokova",
			"year": "1984"
		},
		{
			"link": "http://www.progarchives.com/album.asp?id=11040",
			"result": 3.5568577864793616,
			"title": "Digni ruku",
			"year": "1986"
		},
		{
			"link": "http://www.progarchives.com/album.asp?id=11041",
			"result": 3.1705926874951773,
			"title": "Daleko je sunce",
			"year": "1988"
		},
		{
			"link": "http://www.progarchives.com/album.asp?id=14791",
			"result": 3.257791748631743,
			"title": "Korak do slobode",
			"year": "1989"
		},
		{
			"link": "http://www.progarchives.com/album.asp?id=12598",
			"result": 5.1602672713767985,
			"title": "Istorija Ti I Ja",
			"year": "1991"
		},
		{
			"link": "http://www.progarchives.com/album.asp?id=11043",
			"result": 5.2306732154108255,
			"title": "Karavan",
			"year": "1994"
		},
		{
			"link": "http://www.progarchives.com/album.asp?id=11044",
			"result": 2.8280404966845767,
			"title": "Trinaest",
			"year": "1996"
		},
		{
			"link": "http://www.progarchives.com/album.asp?id=11046",
			"result": 5.805300680298898,
			"title": "Voleti voleti",
			"year": "1997"
		},
		{
			"link": "http://www.progarchives.com/album.asp?id=11048",
			"result": 2.647822229738991,
			"title": "Juznjacka uteha",
			"year": "1999"
		},
		{
			"link": "http://www.progarchives.com/album.asp?id=11049",
			"result": 6.168535172505343,
			"title": "Dobro Jutro, To Sam Ja",
			"year": "2005"
		},
		{
			"link": "http://www.progarchives.com/album.asp?id=31461",
			"result": 4.1588830833596715,
			"title": "Mesto Pored Prozora",
			"year": "2010"
		}
	],
	"livealbums": [
		{
			"link": "http://www.progarchives.com/album.asp?id=11047",
			"result": 5.130519388080073,
			"title": "Ja jesam odavde",
			"year": "1998"
		}
	]
}