{
	"title": "GANDALF",
	"studioalbums": [
		{
			"link": "http://www.progarchives.com/album.asp?id=4230",
			"result": 10.75171857547089,
			"title": "Journey To An Imaginary Land",
			"year": "1980"
		},
		{
			"link": "http://www.progarchives.com/album.asp?id=4231",
			"result": 10.960280775804323,
			"title": "Visions ",
			"year": "1981"
		},
		{
			"link": "http://www.progarchives.com/album.asp?id=4232",
			"result": 11.027846791307372,
			"title": "To Another Horizon",
			"year": "1982"
		},
		{
			"link": "http://www.progarchives.com/album.asp?id=4233",
			"result": 10.263510262177377,
			"title": "Magic Theatre",
			"year": "1983"
		},
		{
			"link": "http://www.progarchives.com/album.asp?id=4235",
			"result": 4.3237375706311205,
			"title": "More Than Just a Seagull ",
			"year": "1983"
		},
		{
			"link": "http://www.progarchives.com/album.asp?id=4234",
			"result": 7.73467242927347,
			"title": "Tale From A Long Forgotten Kingdom",
			"year": "1984"
		},
		{
			"link": "http://www.progarchives.com/album.asp?id=4237",
			"result": 3.5568577864793616,
			"title": "The Shining ",
			"year": "1985"
		},
		{
			"link": "http://www.progarchives.com/album.asp?id=4238",
			"result": 7.582540563086187,
			"title": "The Universal Play",
			"year": "1987"
		},
		{
			"link": "http://www.progarchives.com/album.asp?id=4240",
			"result": 5.98672124178452,
			"title": "From Source to Sea",
			"year": "1988"
		},
		{
			"link": "http://www.progarchives.com/album.asp?id=4241",
			"result": 7.184924367889438,
			"title": "Invisible Power: A Symphonic Prayer",
			"year": "1989"
		},
		{
			"link": "http://www.progarchives.com/album.asp?id=4242",
			"result": 3.4657359027997265,
			"title": "Labyrinth ",
			"year": "1990"
		},
		{
			"link": "http://www.progarchives.com/album.asp?id=4244",
			"result": 5.385753592950774,
			"title": "Symphonic Landscapes",
			"year": "1990"
		},
		{
			"link": "http://www.progarchives.com/album.asp?id=4246",
			"result": 4.763936220804937,
			"title": "The Stones Of Wisdom",
			"year": "1992"
		},
		{
			"link": "http://www.progarchives.com/album.asp?id=4243",
			"result": 11.027846791307372,
			"title": "Gallery Of Dreams (featuring Steve Hackett)",
			"year": "1992"
		},
		{
			"link": "http://www.progarchives.com/album.asp?id=4247",
			"result": 7.049306826294643,
			"title": "To Our Children's Children",
			"year": "1994"
		},
		{
			"link": "http://www.progarchives.com/album.asp?id=4248",
			"result": 2.9943958200189633,
			"title": "Colours Of The Earth ",
			"year": "1994"
		},
		{
			"link": "http://www.progarchives.com/album.asp?id=4249",
			"result": 4.183706820468923,
			"title": "Echoes From Ancient Dreams",
			"year": "1995"
		},
		{
			"link": "http://www.progarchives.com/album.asp?id=4250",
			"result": 4.085211589839965,
			"title": "Gates to Secret Realities ",
			"year": "1996"
		},
		{
			"link": "http://www.progarchives.com/album.asp?id=4251",
			"result": 8.841926757097136,
			"title": "Barakaya - Trees Water Life",
			"year": "1997"
		},
		{
			"link": "http://www.progarchives.com/album.asp?id=4252",
			"result": 4.183706820468923,
			"title": "Into The Light ",
			"year": "1999"
		},
		{
			"link": "http://www.progarchives.com/album.asp?id=14704",
			"result": 3.295836866004329,
			"title": "Samsara",
			"year": "1999"
		},
		{
			"link": "http://www.progarchives.com/album.asp?id=4253",
			"result": 3.394711971984459,
			"title": "Visions 2001 (with bonus CD: Rare & Precious Pieces - 20 Years Of Gandalf)",
			"year": "2001"
		},
		{
			"link": "http://www.progarchives.com/album.asp?id=4236",
			"result": 6.402044390391981,
			"title": "The Fountain of Secrets",
			"year": "2002"
		},
		{
			"link": "http://www.progarchives.com/album.asp?id=11339",
			"result": 5.6413334778354125,
			"title": "Colors Of A New Dawn ",
			"year": "2004"
		},
		{
			"link": "http://www.progarchives.com/album.asp?id=14779",
			"result": 2.0794415416798357,
			"title": "Der Prophet",
			"year": "2005"
		},
		{
			"link": "http://www.progarchives.com/album.asp?id=14626",
			"result": 9.939626599152001,
			"title": "Sacred River",
			"year": "2006"
		},
		{
			"link": "http://www.progarchives.com/album.asp?id=15575",
			"result": 9.79810654550307,
			"title": "Lotus Land",
			"year": "2007"
		},
		{
			"link": "http://www.progarchives.com/album.asp?id=23724",
			"result": 10.450667025276424,
			"title": "Sanctuary",
			"year": "2009"
		},
		{
			"link": "http://www.progarchives.com/album.asp?id=34287",
			"result": 7.822119495316942,
			"title": "Erdenklang & Sternentanz",
			"year": "2011"
		},
		{
			"link": "http://www.progarchives.com/album.asp?id=40743",
			"result": 6.447238260383328,
			"title": "Dreamweaver",
			"year": "2013"
		},
		{
			"link": "http://www.progarchives.com/album.asp?id=52086",
			"result": 4.852030263919617,
			"title": "All Is One - One Is All",
			"year": "2016"
		}
	],
	"livealbums": [
		{
			"link": "http://www.progarchives.com/album.asp?id=25194",
			"result": 2.449905403729885,
			"title": "Live in Vienna (CD + DVD)",
			"year": "2008"
		},
		{
			"link": "http://www.progarchives.com/album.asp?id=45312",
			"result": 5.489725670034766,
			"title": "Gandalf featuring Steve Hackett - Gallery Of Dreams Live (part 1)",
			"year": "2012"
		},
		{
			"link": "http://www.progarchives.com/album.asp?id=45378",
			"result": 4.394449154672439,
			"title": "Gandalf featuring Steve Hackett - Gallery Of Dreams Live (part 2)",
			"year": "2012"
		}
	]
}