{
	"title": "GARBAREK, ANJA",
	"studioalbums": [
		{
			"link": "http://www.progarchives.com/album.asp?id=25893",
			"result": 2.4260151319598084,
			"title": "Velkommen Inn",
			"year": "1992"
		},
		{
			"link": "http://www.progarchives.com/album.asp?id=25894",
			"result": 4.2143348578044675,
			"title": "Balloon Mood",
			"year": "1996"
		},
		{
			"link": "http://www.progarchives.com/album.asp?id=25895",
			"result": 9.772457051928455,
			"title": "Smiling & Waving",
			"year": "2001"
		},
		{
			"link": "http://www.progarchives.com/album.asp?id=25896",
			"result": 4.2697866322492635,
			"title": "Briefly Shaking",
			"year": "2005"
		}
	],
	"livealbums": []
}