{
	"title": "GAZPACHO",
	"studioalbums": [
		{
			"link": "http://www.progarchives.com/album.asp?id=4974",
			"result": 16.458861954406544,
			"title": "Bravo",
			"year": "2003"
		},
		{
			"link": "http://www.progarchives.com/album.asp?id=6079",
			"result": 13.933303210220558,
			"title": "When Earth Lets Go",
			"year": "2004"
		},
		{
			"link": "http://www.progarchives.com/album.asp?id=9068",
			"result": 16.281420039344173,
			"title": "Firebird",
			"year": "2005"
		},
		{
			"link": "http://www.progarchives.com/album.asp?id=14313",
			"result": 25.930293481804934,
			"title": "Night",
			"year": "2007"
		},
		{
			"link": "http://www.progarchives.com/album.asp?id=22078",
			"result": 24.787682159970224,
			"title": "Tick Tock",
			"year": "2009"
		},
		{
			"link": "http://www.progarchives.com/album.asp?id=30228",
			"result": 22.116584574638527,
			"title": "Missa Atropos",
			"year": "2010"
		},
		{
			"link": "http://www.progarchives.com/album.asp?id=36565",
			"result": 23.7946815810376,
			"title": "March Of Ghosts",
			"year": "2012"
		},
		{
			"link": "http://www.progarchives.com/album.asp?id=44357",
			"result": 22.677232621088837,
			"title": "Demon",
			"year": "2014"
		},
		{
			"link": "http://www.progarchives.com/album.asp?id=50352",
			"result": 19.96554400796023,
			"title": "Molok",
			"year": "2015"
		}
	],
	"livealbums": [
		{
			"link": "http://www.progarchives.com/album.asp?id=27976",
			"result": 18.436110743566985,
			"title": "A Night At Loreley",
			"year": "2010"
		},
		{
			"link": "http://www.progarchives.com/album.asp?id=36143",
			"result": 18.629267758110558,
			"title": "London",
			"year": "2011"
		}
	]
}