{
	"title": "GILBERT, KEVIN",
	"studioalbums": [
		{
			"link": "http://www.progarchives.com/album.asp?id=11731",
			"result": 7.703210614342801,
			"title": "NRG: No Reasons Given - Volume 1",
			"year": "1987"
		},
		{
			"link": "http://www.progarchives.com/album.asp?id=8073",
			"result": 15.939611071079641,
			"title": "Thud",
			"year": "1995"
		},
		{
			"link": "http://www.progarchives.com/album.asp?id=7589",
			"result": 21.00181639301482,
			"title": "The Shaming Of The True",
			"year": "2000"
		},
		{
			"link": "http://www.progarchives.com/album.asp?id=17225",
			"result": 9.422611930741496,
			"title": "Kaviar: The Kaviar Sessions",
			"year": "2002"
		},
		{
			"link": "http://www.progarchives.com/album.asp?id=28452",
			"result": 11.383782639505165,
			"title": "Nuts",
			"year": "2009"
		},
		{
			"link": "http://www.progarchives.com/album.asp?id=28453",
			"result": 10.822874974294745,
			"title": "Bolts",
			"year": "2009"
		}
	],
	"livealbums": [
		{
			"link": "http://www.progarchives.com/album.asp?id=8124",
			"result": 10.83220080440884,
			"title": "Live At The Troubadour",
			"year": "1995"
		},
		{
			"link": "http://www.progarchives.com/album.asp?id=28454",
			"result": 10.910423491232587,
			"title": "Kevin Gilbert Performs Toy Matinee Live",
			"year": "2010"
		}
	]
}