{
	"title": "GIRAFFE",
	"studioalbums": [
		{
			"link": "http://www.progarchives.com/album.asp?id=17717",
			"result": 10.992867774938118,
			"title": "The Power Of Suggestion",
			"year": "1987"
		},
		{
			"link": "http://www.progarchives.com/album.asp?id=17716",
			"result": 7.037209160207793,
			"title": "The View From Here",
			"year": "1988"
		}
	],
	"livealbums": [
		{
			"link": "http://www.progarchives.com/album.asp?id=17718",
			"result": 8.128125378268981,
			"title": "The Lamb Lies Down On Broadway - ProgFest '94",
			"year": "2014"
		}
	]
}