{
	"title": "GLEZOS, YIANNIS",
	"studioalbums": [
		{
			"link": "http://www.progarchives.com/album.asp?id=44030",
			"title": "I Eleni Tou Mai",
			"year": "1968"
		},
		{
			"link": "http://www.progarchives.com/album.asp?id=44032",
			"title": "12 tragoudia tou Frenteriko Gkarthia Lorka",
			"year": "1969"
		},
		{
			"link": "http://www.progarchives.com/album.asp?id=44029",
			"title": "Emiliano Zapata",
			"year": "1971"
		},
		{
			"link": "http://www.progarchives.com/album.asp?id=44028",
			"title": "Haroumenos Pigeno - Tragoudia Pou Lei O Potamos Sto Dromo Ya Ti Thalassa",
			"year": "1978"
		},
		{
			"link": "http://www.progarchives.com/album.asp?id=44031",
			"result": 0,
			"title": "Perimenontas tous Varvarous",
			"year": "1979"
		},
		{
			"link": "http://www.progarchives.com/album.asp?id=44034",
			"result": 0,
			"title": "Afta Pou Agapisame",
			"year": "1979"
		},
		{
			"link": "http://www.progarchives.com/album.asp?id=44033",
			"title": "Ta Tragoudia Tis Evas",
			"year": "2004"
		},
		{
			"link": "http://www.progarchives.com/album.asp?id=44026",
			"result": 0,
			"title": "Ta Roda Tis Pierias",
			"year": "2006"
		},
		{
			"link": "http://www.progarchives.com/album.asp?id=45251",
			"result": 3.4657359027997265,
			"title": "The Roses Of Pieria (Instrumental Music Inspired By Ancient Greek Lyric Poetry)",
			"year": "2013"
		}
	],
	"livealbums": []
}