{
	"title": "GODSTICKS",
	"studioalbums": [
		{
			"link": "http://www.progarchives.com/album.asp?id=29732",
			"result": 10.709546440532497,
			"title": "Spiral Vendetta",
			"year": "2010"
		},
		{
			"link": "http://www.progarchives.com/album.asp?id=39695",
			"result": 10.492049481163077,
			"title": "The Envisage Conundrum",
			"year": "2013"
		},
		{
			"link": "http://www.progarchives.com/album.asp?id=50080",
			"result": 11.24354613821608,
			"title": "Emergence",
			"year": "2015"
		}
	],
	"livealbums": []
}