{
	"title": "GREENSLADE, DAVE",
	"studioalbums": [
		{
			"link": "http://www.progarchives.com/album.asp?id=5277",
			"result": 13.816615859161384,
			"title": "Cactus Choir",
			"year": "1976"
		},
		{
			"link": "http://www.progarchives.com/album.asp?id=5276",
			"result": 8.49293988414098,
			"title": "The Pentateuch of the Cosmogony",
			"year": "1979"
		},
		{
			"link": "http://www.progarchives.com/album.asp?id=5279",
			"result": 8.476197129449917,
			"title": "From The Discworld",
			"year": "1994"
		},
		{
			"link": "http://www.progarchives.com/album.asp?id=5278",
			"result": 4.597077302107801,
			"title": "Going South",
			"year": "1999"
		},
		{
			"link": "http://www.progarchives.com/album.asp?id=37563",
			"result": 5.375278407684165,
			"title": "Routes - Roots",
			"year": "2011"
		}
	],
	"livealbums": []
}