{
	"title": "ALLEN, DAEVID",
	"studioalbums": [
		{
			"link": "http://www.progarchives.com/album.asp?id=17999",
			"result": 12.824042880773353,
			"title": "Banana Moon",
			"year": "1971"
		},
		{
			"link": "http://www.progarchives.com/album.asp?id=17983",
			"result": 14.51505645844692,
			"title": "Daevid Allen & Euterpe: Good Morning!",
			"year": "1976"
		},
		{
			"link": "http://www.progarchives.com/album.asp?id=18473",
			"result": 12.449983895591078,
			"title": "Now Is The Happiest Time Of Your Life",
			"year": "1977"
		},
		{
			"link": "http://www.progarchives.com/album.asp?id=28299",
			"result": 8.268221075009015,
			"title": "N'Existe Pas!",
			"year": "1979"
		},
		{
			"link": "http://www.progarchives.com/album.asp?id=28300",
			"result": 9.79810654550307,
			"title": "Divided Alien Playbax 80",
			"year": "1982"
		},
		{
			"link": "http://www.progarchives.com/album.asp?id=28307",
			"result": 9.541611609756917,
			"title": "Daevid Allen, Gilli Smyth & Harry Williamson: ‎Stroking The Tail Of The Bird",
			"year": "1990"
		},
		{
			"link": "http://www.progarchives.com/album.asp?id=38070",
			"result": 10.644539833465378,
			"title": "Australia Aquaria / She",
			"year": "1990"
		},
		{
			"link": "http://www.progarchives.com/album.asp?id=28301",
			"result": 7.558452546036595,
			"title": "Daevid Allen & Kramer: Who's Afraid?",
			"year": "1992"
		},
		{
			"link": "http://www.progarchives.com/album.asp?id=28302",
			"result": 1.7328679513998633,
			"title": "Twelve Selves",
			"year": "1993"
		},
		{
			"link": "http://www.progarchives.com/album.asp?id=28303",
			"result": 7.848745033832302,
			"title": "Dreamin' A Dream",
			"year": "1995"
		},
		{
			"link": "http://www.progarchives.com/album.asp?id=28304",
			"result": 5.4720889022759405,
			"title": "Daevid Allen & Kramer: Hit Men",
			"year": "1995"
		},
		{
			"link": "http://www.progarchives.com/album.asp?id=28306",
			"result": 5.759894041203727,
			"title": "Eat Me Baby I'm A Jelly Bean",
			"year": "1998"
		},
		{
			"link": "http://www.progarchives.com/album.asp?id=28308",
			"result": 2.5597666325966957,
			"title": "Daevid Allen & Harry Williamson: Twenty Two Meanings - The Art Of Glissando Guitar Vol. 1",
			"year": "1999"
		},
		{
			"link": "http://www.progarchives.com/album.asp?id=37975",
			"title": "Soundbites 4 Tha Revelation",
			"year": "2012"
		},
		{
			"link": "http://www.progarchives.com/album.asp?id=51337",
			"result": 12.48239439070011,
			"title": "Daevid Allen Weird Quartet: Elevenses",
			"year": "2016"
		}
	],
	"livealbums": [
		{
			"link": "http://www.progarchives.com/album.asp?id=29274",
			"result": 4.756991209932916,
			"title": "Live Spring 88",
			"year": "1988"
		},
		{
			"link": "http://www.progarchives.com/album.asp?id=28305",
			"title": "Divided Alien Clockwork Band",
			"year": "1997"
		}
	]
}