{
	"title": "AYERS, KEVIN",
	"studioalbums": [
		{
			"link": "http://www.progarchives.com/album.asp?id=8570",
			"result": 16.355861216172013,
			"title": "Joy Of A Toy",
			"year": "1969"
		},
		{
			"link": "http://www.progarchives.com/album.asp?id=8621",
			"result": 15.194769662420118,
			"title": "Kevin Ayers & The Whole World: Shooting At The Moon",
			"year": "1970"
		},
		{
			"link": "http://www.progarchives.com/album.asp?id=8625",
			"result": 14.881363388307388,
			"title": "Whatevershebringswesing",
			"year": "1972"
		},
		{
			"link": "http://www.progarchives.com/album.asp?id=10150",
			"result": 12.067120092571914,
			"title": "Bananamour",
			"year": "1973"
		},
		{
			"link": "http://www.progarchives.com/album.asp?id=10151",
			"result": 12.199660281611722,
			"title": "The Confessions Of Dr. Dream And Other Stories",
			"year": "1974"
		},
		{
			"link": "http://www.progarchives.com/album.asp?id=10153",
			"result": 8.244429141666032,
			"title": "Sweet Deceiver",
			"year": "1975"
		},
		{
			"link": "http://www.progarchives.com/album.asp?id=10155",
			"result": 7.601677723266913,
			"title": "Yes We Have No Mañanas - So Get Your Mañanas Today",
			"year": "1976"
		},
		{
			"link": "http://www.progarchives.com/album.asp?id=10156",
			"result": 5.80067288416762,
			"title": "Rainbow Takeaway",
			"year": "1978"
		},
		{
			"link": "http://www.progarchives.com/album.asp?id=10157",
			"result": 4.616360222529236,
			"title": "That's What You Get Babe",
			"year": "1980"
		},
		{
			"link": "http://www.progarchives.com/album.asp?id=10158",
			"result": 4.300222726147331,
			"title": "Diamond Jack And The Queen Of Pain",
			"year": "1983"
		},
		{
			"link": "http://www.progarchives.com/album.asp?id=46668",
			"result": 3.3837258490977784,
			"title": "Deià...Vu",
			"year": "1984"
		},
		{
			"link": "http://www.progarchives.com/album.asp?id=10159",
			"result": 4.505456673639644,
			"title": "As Close As You Think",
			"year": "1986"
		},
		{
			"link": "http://www.progarchives.com/album.asp?id=10160",
			"result": 6.7454794524221935,
			"title": "Falling Up",
			"year": "1988"
		},
		{
			"link": "http://www.progarchives.com/album.asp?id=10161",
			"result": 6.679562715102108,
			"title": "Still Life With Guitar",
			"year": "1992"
		},
		{
			"link": "http://www.progarchives.com/album.asp?id=17317",
			"result": 7.8262650811853876,
			"title": "The Unfairground",
			"year": "2007"
		}
	],
	"livealbums": [
		{
			"link": "http://www.progarchives.com/album.asp?id=10152",
			"result": 9.986385703993117,
			"title": "June 1st,1974",
			"year": "1974"
		},
		{
			"link": "http://www.progarchives.com/album.asp?id=10162",
			"result": 8.400943828386536,
			"title": "BBC Radio 1 Live In Concert-Kevin Ayers",
			"year": "1992"
		},
		{
			"link": "http://www.progarchives.com/album.asp?id=10177",
			"result": 6.115864067249581,
			"title": "Singing The Bruise",
			"year": "1996"
		},
		{
			"link": "http://www.progarchives.com/album.asp?id=10164",
			"result": 7.16703787691222,
			"title": "Too Old To Die Young",
			"year": "1998"
		},
		{
			"link": "http://www.progarchives.com/album.asp?id=10176",
			"result": 5.364959177533977,
			"title": "Turn The Lights Down!",
			"year": "2000"
		},
		{
			"link": "http://www.progarchives.com/album.asp?id=10165",
			"result": 7.471636986680989,
			"title": "The BBC Sessions-1970-1976",
			"year": "2005"
		}
	]
}