{
	"title": "BRAINVILLE",
	"studioalbums": [
		{
			"link": "http://www.progarchives.com/album.asp?id=17550",
			"result": 3.2023399741869474,
			"title": "The Children's Crusade",
			"year": "1999"
		}
	],
	"livealbums": [
		{
			"link": "http://www.progarchives.com/album.asp?id=17551",
			"result": 0,
			"title": "Live In The UK",
			"year": "2004"
		},
		{
			"link": "http://www.progarchives.com/album.asp?id=31349",
			"result": 0,
			"title": "Trial By Headline",
			"year": "2007"
		},
		{
			"link": "http://www.progarchives.com/album.asp?id=31352",
			"title": "Live in NYC '98",
			"year": "2008"
		}
	]
}