{
	"title": "CARAVAN",
	"studioalbums": [
		{
			"link": "http://www.progarchives.com/album.asp?id=3106",
			"result": 22.420938628745223,
			"title": "Caravan",
			"year": "1968"
		},
		{
			"link": "http://www.progarchives.com/album.asp?id=3107",
			"result": 28.824316238028864,
			"title": "If I Could Do It All Over Again, I'd Do It All Over You",
			"year": "1970"
		},
		{
			"link": "http://www.progarchives.com/album.asp?id=3108",
			"result": 31.241660716571303,
			"title": "In The Land Of Grey And Pink",
			"year": "1971"
		},
		{
			"link": "http://www.progarchives.com/album.asp?id=3109",
			"result": 23.16729042768975,
			"title": "Waterloo Lily",
			"year": "1972"
		},
		{
			"link": "http://www.progarchives.com/album.asp?id=3110",
			"result": 26.808603485666772,
			"title": "For Girls Who Grow Plump In The Night",
			"year": "1973"
		},
		{
			"link": "http://www.progarchives.com/album.asp?id=3113",
			"result": 17.619097278749912,
			"title": "Cunning Stunts",
			"year": "1975"
		},
		{
			"link": "http://www.progarchives.com/album.asp?id=3115",
			"result": 17.230708780055263,
			"title": "Blind Dog At St. Dunstans",
			"year": "1976"
		},
		{
			"link": "http://www.progarchives.com/album.asp?id=3116",
			"result": 13.876806554810104,
			"title": "Better By Far",
			"year": "1977"
		},
		{
			"link": "http://www.progarchives.com/album.asp?id=3118",
			"result": 9.819856338832373,
			"title": "The Album",
			"year": "1980"
		},
		{
			"link": "http://www.progarchives.com/album.asp?id=3119",
			"result": 11.076289240419023,
			"title": "Back To Front",
			"year": "1982"
		},
		{
			"link": "http://www.progarchives.com/album.asp?id=3122",
			"result": 12.984549376939489,
			"title": "The Battle Of Hastings",
			"year": "1995"
		},
		{
			"link": "http://www.progarchives.com/album.asp?id=4204",
			"result": 15.32687857703505,
			"title": "The Unauthorised Breakfast Item",
			"year": "2003"
		},
		{
			"link": "http://www.progarchives.com/album.asp?id=43952",
			"result": 12.94889268745613,
			"title": "Paradise Filter",
			"year": "2013"
		},
		{
			"link": "http://www.progarchives.com/album.asp?id=47556",
			"result": 6.677496769682733,
			"title": "The Back Catalogue Songs",
			"year": "2014"
		}
	],
	"livealbums": [
		{
			"link": "http://www.progarchives.com/album.asp?id=3111",
			"result": 19.685484411401408,
			"title": "Caravan & The New Symphonia ",
			"year": "1974"
		},
		{
			"link": "http://www.progarchives.com/album.asp?id=3117",
			"result": 10.899390327049854,
			"title": "The Best of Caravan \"Live\"",
			"year": "1980"
		},
		{
			"link": "http://www.progarchives.com/album.asp?id=3120",
			"result": 8.284786424600764,
			"title": "Show of Our Lives",
			"year": "1981"
		},
		{
			"link": "http://www.progarchives.com/album.asp?id=3112",
			"result": 12.346202747456909,
			"title": "BBC Radio 1 Live in Concert",
			"year": "1991"
		},
		{
			"link": "http://www.progarchives.com/album.asp?id=3130",
			"result": 7.989661630238529,
			"title": "Live 1990",
			"year": "1993"
		},
		{
			"link": "http://www.progarchives.com/album.asp?id=3133",
			"result": 9.541611609756917,
			"title": "Live: Canterbury Comes to London",
			"year": "1997"
		},
		{
			"link": "http://www.progarchives.com/album.asp?id=3136",
			"result": 8.05904782547916,
			"title": "Back Of The Tracks (Live On The Continent)",
			"year": "1998"
		},
		{
			"link": "http://www.progarchives.com/album.asp?id=3127",
			"result": 9.156869206137685,
			"title": "Ether Way: BBC Sessions 1975-77",
			"year": "1998"
		},
		{
			"link": "http://www.progarchives.com/album.asp?id=3134",
			"result": 6.797115797273072,
			"title": "Surprise Supplies (AKA \"Here I am\")",
			"year": "1999"
		},
		{
			"link": "http://www.progarchives.com/album.asp?id=3123",
			"result": 8.105239969578456,
			"title": "Green Bottles For Marjorie",
			"year": "2002"
		},
		{
			"link": "http://www.progarchives.com/album.asp?id=3124",
			"result": 20.62958871028043,
			"title": "Live At Fairfield Halls - 1974",
			"year": "2002"
		},
		{
			"link": "http://www.progarchives.com/album.asp?id=3128",
			"result": 10.507234780276574,
			"title": "Live UK Tour 1975",
			"year": "2003"
		},
		{
			"link": "http://www.progarchives.com/album.asp?id=30178",
			"result": 7.028512410877845,
			"title": "Nowhere to Hide",
			"year": "2003"
		},
		{
			"link": "http://www.progarchives.com/album.asp?id=13876",
			"result": 8.105239969578456,
			"title": "Live in Nottingham",
			"year": "2003"
		},
		{
			"link": "http://www.progarchives.com/album.asp?id=47555",
			"result": 4.1588830833596715,
			"title": "With Strings Attached",
			"year": "2003"
		},
		{
			"link": "http://www.progarchives.com/album.asp?id=16381",
			"result": 14.965695428818362,
			"title": "The Show Of Our Lives: Caravan At The BBC 1968-1975",
			"year": "2007"
		},
		{
			"link": "http://www.progarchives.com/album.asp?id=29631",
			"result": 6.309756968568149,
			"title": "A Hunting We Shall Go: Live In 1974",
			"year": "2008"
		},
		{
			"link": "http://www.progarchives.com/album.asp?id=37434",
			"result": 5.292875605430452,
			"title": "The European Tour 2011: Live At Shepherds Bush Empire",
			"year": "2012"
		}
	]
}