{
	"title": "COS",
	"studioalbums": [
		{
			"link": "http://www.progarchives.com/album.asp?id=6423",
			"result": 18.810284142175263,
			"title": "Postaeolian Train Robbery",
			"year": "1974"
		},
		{
			"link": "http://www.progarchives.com/album.asp?id=6424",
			"result": 22.064988353205614,
			"title": "Viva Boma",
			"year": "1976"
		},
		{
			"link": "http://www.progarchives.com/album.asp?id=6425",
			"result": 13.427521212974728,
			"title": "Babel",
			"year": "1978"
		},
		{
			"link": "http://www.progarchives.com/album.asp?id=6426",
			"result": 6.404679948373895,
			"title": "Swiß Chalet",
			"year": "1979"
		},
		{
			"link": "http://www.progarchives.com/album.asp?id=6427",
			"result": 10.005745793670329,
			"title": "Pasiones",
			"year": "1983"
		}
	],
	"livealbums": []
}