{
	"title": "EGG",
	"studioalbums": [
		{
			"link": "http://www.progarchives.com/album.asp?id=3501",
			"result": 20.566560604898534,
			"title": "Egg",
			"year": "1970"
		},
		{
			"link": "http://www.progarchives.com/album.asp?id=3502",
			"result": 24.298889220373823,
			"title": "The Polite Force",
			"year": "1971"
		},
		{
			"link": "http://www.progarchives.com/album.asp?id=3503",
			"result": 19.66019220413646,
			"title": "The Civil Surface",
			"year": "1974"
		}
	],
	"livealbums": []
}