{
	"title": "GILGAMESH",
	"studioalbums": [
		{
			"link": "http://www.progarchives.com/album.asp?id=445",
			"result": 19.151700775763512,
			"title": "Gilgamesh",
			"year": "1975"
		},
		{
			"link": "http://www.progarchives.com/album.asp?id=446",
			"result": 14.83297649652418,
			"title": "Another Fine Tune You've Got Me Into",
			"year": "1978"
		},
		{
			"link": "http://www.progarchives.com/album.asp?id=447",
			"result": 16.03393139113523,
			"title": "Arriving Twice",
			"year": "2000"
		}
	],
	"livealbums": []
}