{
	"title": "GONG",
	"studioalbums": [
		{
			"link": "http://www.progarchives.com/album.asp?id=4623",
			"result": 17.304706449589975,
			"title": "Magick Brother",
			"year": "1969"
		},
		{
			"link": "http://www.progarchives.com/album.asp?id=4624",
			"result": 22.23271679394602,
			"title": "Camembert Electrique",
			"year": "1971"
		},
		{
			"link": "http://www.progarchives.com/album.asp?id=4625",
			"result": 15.08185049920968,
			"title": "Continental Circus",
			"year": "1971"
		},
		{
			"link": "http://www.progarchives.com/album.asp?id=4626",
			"result": 24.1519327010447,
			"title": "Radio Gnome Invisible Part 1 - Flying Teapot",
			"year": "1973"
		},
		{
			"link": "http://www.progarchives.com/album.asp?id=4630",
			"result": 26.201444338930198,
			"title": "Radio Gnome Invisible Vol. 2 - Angel's Egg",
			"year": "1973"
		},
		{
			"link": "http://www.progarchives.com/album.asp?id=4631",
			"result": 28.722709278156284,
			"title": "Radio Gnome Invisible Vol. 3 - You",
			"year": "1974"
		},
		{
			"link": "http://www.progarchives.com/album.asp?id=4634",
			"result": 21.856340453395724,
			"title": "Shamal",
			"year": "1975"
		},
		{
			"link": "http://www.progarchives.com/album.asp?id=4681",
			"result": 22.999155745513686,
			"title": "Gazeuse!",
			"year": "1976"
		},
		{
			"link": "http://www.progarchives.com/album.asp?id=4682",
			"result": 20.364253967757712,
			"title": "Expresso II",
			"year": "1978"
		},
		{
			"link": "http://www.progarchives.com/album.asp?id=8811",
			"result": 17.39029871269912,
			"title": "Downwind",
			"year": "1979"
		},
		{
			"link": "http://www.progarchives.com/album.asp?id=9451",
			"result": 13.458670886657229,
			"title": "Time Is The Key",
			"year": "1979"
		},
		{
			"link": "http://www.progarchives.com/album.asp?id=9665",
			"result": 13.672344597092057,
			"title": "New York Gong: About Time",
			"year": "1979"
		},
		{
			"link": "http://www.progarchives.com/album.asp?id=9453",
			"result": 12.169584316181995,
			"title": "Leave It Open",
			"year": "1981"
		},
		{
			"link": "http://www.progarchives.com/album.asp?id=9454",
			"result": 9.554722849323502,
			"title": "Breakthrough",
			"year": "1986"
		},
		{
			"link": "http://www.progarchives.com/album.asp?id=9455",
			"result": 9.573999773813199,
			"title": "Second Wind",
			"year": "1988"
		},
		{
			"link": "http://www.progarchives.com/album.asp?id=10872",
			"result": 9.909073074171415,
			"title": "Gongmaison: Gongmaison",
			"year": "1989"
		},
		{
			"link": "http://www.progarchives.com/album.asp?id=4689",
			"result": 14.777031701044438,
			"title": "Shapeshifter",
			"year": "1992"
		},
		{
			"link": "http://www.progarchives.com/album.asp?id=4685",
			"result": 7.516646213473363,
			"title": "Camembert Eclectique",
			"year": "1995"
		},
		{
			"link": "http://www.progarchives.com/album.asp?id=4686",
			"result": 16.020862152052104,
			"title": "Zero To Infinity",
			"year": "2000"
		},
		{
			"link": "http://www.progarchives.com/album.asp?id=9508",
			"result": 16.39848800510789,
			"title": "Acid Motherhood",
			"year": "2003"
		},
		{
			"link": "http://www.progarchives.com/album.asp?id=18757",
			"result": 11.357935425044673,
			"title": "Pentanine",
			"year": "2004"
		},
		{
			"link": "http://www.progarchives.com/album.asp?id=24905",
			"result": 15.058782313173769,
			"title": "2032",
			"year": "2009"
		},
		{
			"link": "http://www.progarchives.com/album.asp?id=46938",
			"result": 19.86192169537937,
			"title": "I See You",
			"year": "2014"
		},
		{
			"link": "http://www.progarchives.com/album.asp?id=52410",
			"result": 18.447597034869425,
			"title": "Rejoice! I'm Dead",
			"year": "2016"
		}
	],
	"livealbums": [
		{
			"link": "http://www.progarchives.com/album.asp?id=4632",
			"result": 15.858420129150113,
			"title": "Gong Live, Etc",
			"year": "1977"
		},
		{
			"link": "http://www.progarchives.com/album.asp?id=4633",
			"result": 15.1799232542628,
			"title": "Gong Est Mort? Vive Gong!",
			"year": "1978"
		},
		{
			"link": "http://www.progarchives.com/album.asp?id=9439",
			"result": 15.394211256218192,
			"title": "Live Floating Anarchy 1977",
			"year": "1978"
		},
		{
			"link": "http://www.progarchives.com/album.asp?id=9452",
			"result": 11.257963333301735,
			"title": "Pierre Moerlen's Gong Live",
			"year": "1980"
		},
		{
			"link": "http://www.progarchives.com/album.asp?id=4684",
			"result": 6.416625302529486,
			"title": "Live At Sheffield '74",
			"year": "1990"
		},
		{
			"link": "http://www.progarchives.com/album.asp?id=13483",
			"result": 13.78174835583087,
			"title": "Live au Bataclan 1973",
			"year": "1990"
		},
		{
			"link": "http://www.progarchives.com/album.asp?id=9239",
			"result": 6.124876347364163,
			"title": "Live On T.V. 1990",
			"year": "1993"
		},
		{
			"link": "http://www.progarchives.com/album.asp?id=9392",
			"result": 8.317766166719343,
			"title": "25th Birthday Party",
			"year": "1995"
		},
		{
			"link": "http://www.progarchives.com/album.asp?id=9664",
			"result": 6.437751649736401,
			"title": "Live Floating Anarchy 1991 ",
			"year": "1995"
		},
		{
			"link": "http://www.progarchives.com/album.asp?id=12017",
			"result": 12.919680514736969,
			"title": "The Peel Sessions 1971/1974",
			"year": "1995"
		},
		{
			"link": "http://www.progarchives.com/album.asp?id=9456",
			"result": 8.92017041480994,
			"title": "Full Circle - Live 1988",
			"year": "1998"
		},
		{
			"link": "http://www.progarchives.com/album.asp?id=4687",
			"result": 8.672324207760122,
			"title": "Live 2 Infinitea",
			"year": "2000"
		},
		{
			"link": "http://www.progarchives.com/album.asp?id=12025",
			"result": 6.468251683913278,
			"title": "Glastonbury Fayre 1971",
			"year": "2002"
		},
		{
			"link": "http://www.progarchives.com/album.asp?id=49609",
			"result": 0,
			"title": "OK Friends",
			"year": "2002"
		},
		{
			"link": "http://www.progarchives.com/album.asp?id=7819",
			"result": 10.747202273957507,
			"title": "Live In Sherwood Forest '75",
			"year": "2005"
		},
		{
			"link": "http://www.progarchives.com/album.asp?id=13314",
			"result": 8.005849935467367,
			"title": "In the '70s ",
			"year": "2006"
		},
		{
			"link": "http://www.progarchives.com/album.asp?id=49602",
			"result": 0,
			"title": "Sheffield City Hall 1976",
			"year": "2013"
		},
		{
			"link": "http://www.progarchives.com/album.asp?id=49603",
			"result": 0,
			"title": "Paris Bataclan 1976",
			"year": "2013"
		}
	]
}