{
	"title": "GREAVES, JOHN",
	"studioalbums": [
		{
			"link": "http://www.progarchives.com/album.asp?id=10622",
			"result": 16.430496622798213,
			"title": "Kew Rhone",
			"year": "1977"
		},
		{
			"link": "http://www.progarchives.com/album.asp?id=10623",
			"result": 7.783640596221253,
			"title": "Accident ",
			"year": "1982"
		},
		{
			"link": "http://www.progarchives.com/album.asp?id=10624",
			"result": 4.031907099411963,
			"title": "Parrot Fashions ",
			"year": "1984"
		},
		{
			"link": "http://www.progarchives.com/album.asp?id=10625",
			"result": 0,
			"title": "La Petite Bouteille De Linge ",
			"year": "1991"
		},
		{
			"link": "http://www.progarchives.com/album.asp?id=10676",
			"result": 0,
			"title": "Greaves & Cunningham ",
			"year": "1991"
		},
		{
			"link": "http://www.progarchives.com/album.asp?id=10626",
			"result": 10.311096416995376,
			"title": "Songs",
			"year": "1995"
		},
		{
			"link": "http://www.progarchives.com/album.asp?id=14406",
			"title": "On The Street Where You Live ",
			"year": "2001"
		},
		{
			"link": "http://www.progarchives.com/album.asp?id=10631",
			"result": 2.772588722239781,
			"title": "The Caretaker",
			"year": "2001"
		},
		{
			"link": "http://www.progarchives.com/album.asp?id=29785",
			"result": 0,
			"title": "The Pig Part Project",
			"year": "2001"
		},
		{
			"link": "http://www.progarchives.com/album.asp?id=10628",
			"title": "The Trouble With Happiness",
			"year": "2003"
		},
		{
			"link": "http://www.progarchives.com/album.asp?id=10629",
			"result": 3.295836866004329,
			"title": "Chansons ",
			"year": "2004"
		},
		{
			"link": "http://www.progarchives.com/album.asp?id=10630",
			"title": "Tambien ",
			"year": "2005"
		},
		{
			"link": "http://www.progarchives.com/album.asp?id=17961",
			"result": 0,
			"title": "Greaves Verlaine",
			"year": "2008"
		}
	],
	"livealbums": [
		{
			"link": "http://www.progarchives.com/album.asp?id=10627",
			"title": "Loco Solo ",
			"year": "2001"
		},
		{
			"link": "http://www.progarchives.com/album.asp?id=50910",
			"title": "Piacenza",
			"year": "2015"
		}
	]
}