{
	"title": "HATFIELD AND THE NORTH",
	"studioalbums": [
		{
			"link": "http://www.progarchives.com/album.asp?id=558",
			"result": 27.786075831884,
			"title": "Hatfield And The North",
			"year": "1973"
		},
		{
			"link": "http://www.progarchives.com/album.asp?id=559",
			"result": 25.9386425344442,
			"title": "The Rotters' Club",
			"year": "1975"
		}
	],
	"livealbums": [
		{
			"link": "http://www.progarchives.com/album.asp?id=565",
			"result": 9.8215938606929,
			"title": "Hatfield and the North Live T.V. 1990",
			"year": "1991"
		}
	]
}