{
	"title": "HILLAGE, STEVE",
	"studioalbums": [
		{
			"link": "http://www.progarchives.com/album.asp?id=4063",
			"result": 24.318849333613628,
			"title": "Fish Rising",
			"year": "1975"
		},
		{
			"link": "http://www.progarchives.com/album.asp?id=4064",
			"result": 18.42784592021816,
			"title": "L",
			"year": "1976"
		},
		{
			"link": "http://www.progarchives.com/album.asp?id=4065",
			"result": 15.981074613859718,
			"title": "Motivation Radio",
			"year": "1977"
		},
		{
			"link": "http://www.progarchives.com/album.asp?id=4066",
			"result": 20.06636571242928,
			"title": "Green",
			"year": "1978"
		},
		{
			"link": "http://www.progarchives.com/album.asp?id=4068",
			"result": 15.248738566713365,
			"title": "Rainbow Dome Musick",
			"year": "1979"
		},
		{
			"link": "http://www.progarchives.com/album.asp?id=4069",
			"result": 13.400244887711832,
			"title": "Open",
			"year": "1979"
		},
		{
			"link": "http://www.progarchives.com/album.asp?id=27782",
			"result": 6.229131676748182,
			"title": "For To Next",
			"year": "1983"
		}
	],
	"livealbums": [
		{
			"link": "http://www.progarchives.com/album.asp?id=4067",
			"result": 15.456885729291649,
			"title": "Live Herald",
			"year": "1978"
		},
		{
			"link": "http://www.progarchives.com/album.asp?id=4072",
			"result": 10.477057598572577,
			"title": "BBC Radio 1 Live",
			"year": "1992"
		},
		{
			"link": "http://www.progarchives.com/album.asp?id=12797",
			"result": 4.479398673070137,
			"title": "Live at Deeply Vale Festival 78",
			"year": "2004"
		},
		{
			"link": "http://www.progarchives.com/album.asp?id=43088",
			"result": 5.037540665918733,
			"title": "Live In England 1979 (CD+DVD)",
			"year": "2013"
		},
		{
			"link": "http://www.progarchives.com/album.asp?id=48459",
			"result": 4.756991209932916,
			"title": "Rainbow 1977",
			"year": "2014"
		},
		{
			"link": "http://www.progarchives.com/album.asp?id=50513",
			"result": 4.394449154672439,
			"title": "Madison Square Garden 1977",
			"year": "2015"
		}
	]
}