{
	"title": "HOPPER, HUGH",
	"studioalbums": [
		{
			"link": "http://www.progarchives.com/album.asp?id=10016",
			"result": 11.15385912107807,
			"title": "1984",
			"year": "1972"
		},
		{
			"link": "http://www.progarchives.com/album.asp?id=12815",
			"result": 14.54145071092262,
			"title": "Hopper Tunity Box",
			"year": "1976"
		},
		{
			"link": "http://www.progarchives.com/album.asp?id=12816",
			"result": 5.805300680298898,
			"title": "Monster Band",
			"year": "1979"
		},
		{
			"link": "http://www.progarchives.com/album.asp?id=12813",
			"result": 14.659472223697335,
			"title": "Hugh Hopper & Alan Gowen: Two Rainbows Daily",
			"year": "1980"
		},
		{
			"link": "http://www.progarchives.com/album.asp?id=16963",
			"result": 4.1588830833596715,
			"title": "Hooligan Romantics",
			"year": "1994"
		},
		{
			"link": "http://www.progarchives.com/album.asp?id=12810",
			"result": 8.317766166719343,
			"title": "Hugh Hopper Band: Carousel",
			"year": "1995"
		},
		{
			"link": "http://www.progarchives.com/album.asp?id=25083",
			"result": 6.321502286706701,
			"title": "Hugh Hopper & Richard Sinclair: Somewhere in France",
			"year": "1996"
		},
		{
			"link": "http://www.progarchives.com/album.asp?id=11721",
			"result": 4.031907099411963,
			"title": "Hopper & S. Klossner: Different",
			"year": "1999"
		},
		{
			"link": "http://www.progarchives.com/album.asp?id=12814",
			"result": 5.793976484762761,
			"title": "Hopper & S. Klossner: Cryptids",
			"year": "2000"
		},
		{
			"link": "http://www.progarchives.com/album.asp?id=42459",
			"result": 2.0794415416798357,
			"title": "The Stolen Hour",
			"year": "2004"
		},
		{
			"link": "http://www.progarchives.com/album.asp?id=16479",
			"result": 6.091982195375387,
			"title": "Numero D'Vol",
			"year": "2007"
		},
		{
			"link": "http://www.progarchives.com/album.asp?id=32198",
			"result": 4.300222726147331,
			"title": "Hugh Hopper & Yumi Hara Cawkwell: Dune",
			"year": "2008"
		}
	],
	"livealbums": [
		{
			"link": "http://www.progarchives.com/album.asp?id=12812",
			"result": 5.805300680298898,
			"title": "Meccano Pelorus",
			"year": "1991"
		},
		{
			"link": "http://www.progarchives.com/album.asp?id=15444",
			"result": 4.394553124750053,
			"title": "Alive",
			"year": "1993"
		},
		{
			"link": "http://www.progarchives.com/album.asp?id=35972",
			"result": 1.4556090791758851,
			"title": "Parallel Dune (with Yumi Hara Cawkwell)",
			"year": "2008"
		}
	]
}