{
	"title": "JAKSZYK, JAKKO M.",
	"studioalbums": [
		{
			"link": "http://www.progarchives.com/album.asp?id=22908",
			"result": 2.4260151319598084,
			"title": "Mustard Gas and Roses",
			"year": "1994"
		},
		{
			"link": "http://www.progarchives.com/album.asp?id=22133",
			"result": 12.312334521617004,
			"title": "The Bruised Romantic Glee Club",
			"year": "2006"
		},
		{
			"link": "http://www.progarchives.com/album.asp?id=31028",
			"result": 4.1588830833596715,
			"title": "Waves sweep the sand",
			"year": "2009"
		}
	],
	"livealbums": []
}