{
	"title": "MAGIC BUS",
	"studioalbums": [
		{
			"link": "http://www.progarchives.com/album.asp?id=50216",
			"result": 14.078369029521882,
			"title": "Magic Bus",
			"year": "2010"
		},
		{
			"link": "http://www.progarchives.com/album.asp?id=50215",
			"result": 15.38330847318667,
			"title": "Transmission From Sogmore's Garden",
			"year": "2014"
		},
		{
			"link": "http://www.progarchives.com/album.asp?id=54516",
			"result": 10.979451340069533,
			"title": "Phillip the Egg",
			"year": "2017"
		}
	],
	"livealbums": []
}