{
	"title": "MATCHING MOLE",
	"studioalbums": [
		{
			"link": "http://www.progarchives.com/album.asp?id=917",
			"result": 19.340190492706178,
			"title": "Matching Mole",
			"year": "1972"
		},
		{
			"link": "http://www.progarchives.com/album.asp?id=918",
			"result": 19.868291067089253,
			"title": "Little Red Record",
			"year": "1972"
		}
	],
	"livealbums": [
		{
			"link": "http://www.progarchives.com/album.asp?id=4806",
			"result": 9.944578837637318,
			"title": "BBC Radio 1 Live in Concert",
			"year": "1995"
		},
		{
			"link": "http://www.progarchives.com/album.asp?id=5364",
			"result": 12.197072499964392,
			"title": "March",
			"year": "2000"
		},
		{
			"link": "http://www.progarchives.com/album.asp?id=919",
			"result": 9.67496287901153,
			"title": "Smoke Signals",
			"year": "2001"
		},
		{
			"link": "http://www.progarchives.com/album.asp?id=14228",
			"result": 9.447825240022626,
			"title": "On The Radio",
			"year": "2007"
		}
	]
}