{
	"title": "MILLER, PHIL",
	"studioalbums": [
		{
			"link": "http://www.progarchives.com/album.asp?id=14394",
			"result": 13.92861485253235,
			"title": "Cutting Both Ways",
			"year": "1987"
		},
		{
			"link": "http://www.progarchives.com/album.asp?id=14395",
			"result": 10.009045287285609,
			"title": "Split Seconds",
			"year": "1989"
		},
		{
			"link": "http://www.progarchives.com/album.asp?id=14396",
			"result": 7.368272297580948,
			"title": "Digging In",
			"year": "1991"
		},
		{
			"link": "http://www.progarchives.com/album.asp?id=14397",
			"result": 6.946899232127468,
			"title": "Double Up",
			"year": "1992"
		},
		{
			"link": "http://www.progarchives.com/album.asp?id=14398",
			"result": 9.807391665745335,
			"title": "Recent Discoveries",
			"year": "1995"
		},
		{
			"link": "http://www.progarchives.com/album.asp?id=34883",
			"result": 7.797905781299384,
			"title": "Parallel",
			"year": "1996"
		},
		{
			"link": "http://www.progarchives.com/album.asp?id=14413",
			"result": 8.317766166719343,
			"title": "Out Of The Blue",
			"year": "2001"
		},
		{
			"link": "http://www.progarchives.com/album.asp?id=14414",
			"result": 9.591581091193483,
			"title": "All That",
			"year": "2003"
		},
		{
			"link": "http://www.progarchives.com/album.asp?id=14415",
			"result": 8.02624847881524,
			"title": "Conspiracy Theories",
			"year": "2006"
		},
		{
			"link": "http://www.progarchives.com/album.asp?id=38953",
			"result": 8.639841061805592,
			"title": "Mind Over Matter",
			"year": "2011"
		}
	],
	"livealbums": [
		{
			"link": "http://www.progarchives.com/album.asp?id=34881",
			"result": 6.115864067249581,
			"title": "In Cahoots Live",
			"year": "1991"
		},
		{
			"link": "http://www.progarchives.com/album.asp?id=34882",
			"result": 5.130519388080073,
			"title": "In Cahoots Live In Japan",
			"year": "1993"
		}
	]
}