{
	"title": "MOVING GELATINE PLATES",
	"studioalbums": [
		{
			"link": "http://www.progarchives.com/album.asp?id=6898",
			"result": 18.57817777360307,
			"title": "Moving Gelatine Plates",
			"year": "1971"
		},
		{
			"link": "http://www.progarchives.com/album.asp?id=6899",
			"result": 20.379228841269732,
			"title": "The World Of Genius Hans",
			"year": "1972"
		},
		{
			"link": "http://www.progarchives.com/album.asp?id=6900",
			"result": 9.131138360468794,
			"title": "Moving",
			"year": "1980"
		},
		{
			"link": "http://www.progarchives.com/album.asp?id=13447",
			"result": 12.511090706002491,
			"title": "ReMoving",
			"year": "2006"
		}
	],
	"livealbums": []
}