{
	"title": "MR. SIRIUS",
	"studioalbums": [
		{
			"link": "http://www.progarchives.com/album.asp?id=8467",
			"result": 14.932461858255538,
			"title": "Barren Dream",
			"year": "1987"
		},
		{
			"link": "http://www.progarchives.com/album.asp?id=8468",
			"result": 14.62309636210007,
			"title": "Dirge",
			"year": "1990"
		},
		{
			"link": "http://www.progarchives.com/album.asp?id=8470",
			"result": 1.3862943611198906,
			"title": "Incredible Tour",
			"year": "1992"
		}
	],
	"livealbums": []
}