{
	"title": "MUFFINS, THE",
	"studioalbums": [
		{
			"link": "http://www.progarchives.com/album.asp?id=4667",
			"result": 17.914736195114788,
			"title": "Manna/Mirage",
			"year": "1978"
		},
		{
			"link": "http://www.progarchives.com/album.asp?id=4668",
			"result": 12.231728134499162,
			"title": "185",
			"year": "1980"
		},
		{
			"link": "http://www.progarchives.com/album.asp?id=4672",
			"result": 13.54122441452606,
			"title": "Chronometers",
			"year": "1993"
		},
		{
			"link": "http://www.progarchives.com/album.asp?id=4671",
			"result": 10.615556788320664,
			"title": "Bandwidth",
			"year": "2002"
		},
		{
			"link": "http://www.progarchives.com/album.asp?id=12020",
			"result": 10.312896572364627,
			"title": "Double Negative",
			"year": "2004"
		},
		{
			"link": "http://www.progarchives.com/album.asp?id=14585",
			"result": 4.300222726147331,
			"title": "Loveletter #2: The Ra Sessions",
			"year": "2005"
		},
		{
			"link": "http://www.progarchives.com/album.asp?id=32250",
			"result": 10.89627367840234,
			"title": "Palindrome",
			"year": "2010"
		},
		{
			"link": "http://www.progarchives.com/album.asp?id=40039",
			"result": 7.316757842529611,
			"title": "Mother Tongue",
			"year": "2012"
		}
	],
	"livealbums": []
}