{
	"title": "NATIONAL HEALTH",
	"studioalbums": [
		{
			"link": "http://www.progarchives.com/album.asp?id=982",
			"result": 23.771215342113948,
			"title": "National Health",
			"year": "1977"
		},
		{
			"link": "http://www.progarchives.com/album.asp?id=983",
			"result": 24.905829181745904,
			"title": "Of Queues And Cures",
			"year": "1978"
		},
		{
			"link": "http://www.progarchives.com/album.asp?id=984",
			"result": 14.50175291108156,
			"title": "D.S. Al Coda",
			"year": "1982"
		}
	],
	"livealbums": [
		{
			"link": "http://www.progarchives.com/album.asp?id=987",
			"result": 14.400867760577356,
			"title": "Playtime",
			"year": "2001"
		}
	]
}