{
	"title": "PICCHIO DAL POZZO",
	"studioalbums": [
		{
			"link": "http://www.progarchives.com/album.asp?id=2566",
			"result": 22.419046578654036,
			"title": "Picchio Dal Pozzo",
			"year": "1976"
		},
		{
			"link": "http://www.progarchives.com/album.asp?id=2565",
			"result": 18.802062121648905,
			"title": "Abbiamo Tutti I Suoi Problemi",
			"year": "1980"
		},
		{
			"link": "http://www.progarchives.com/album.asp?id=2567",
			"result": 17.46216992547395,
			"title": "Camere Zimmer Rooms",
			"year": "2001"
		},
		{
			"link": "http://www.progarchives.com/album.asp?id=6613",
			"result": 12.044824017018714,
			"title": "Pic_nic@Valdapozzo",
			"year": "2004"
		}
	],
	"livealbums": [
		{
			"link": "http://www.progarchives.com/album.asp?id=31656",
			"result": 10.480385370066372,
			"title": "A Live",
			"year": "2010"
		}
	]
}