{
	"title": "PYLE, PIP",
	"studioalbums": [
		{
			"link": "http://www.progarchives.com/album.asp?id=13039",
			"result": 8.597777008266482,
			"title": "Pip Pyle's Equipe Out",
			"year": "1987"
		},
		{
			"link": "http://www.progarchives.com/album.asp?id=13040",
			"result": 6.674471811259725,
			"title": "Equip' Out: Up!",
			"year": "1991"
		},
		{
			"link": "http://www.progarchives.com/album.asp?id=13081",
			"result": 8.697173274258,
			"title": "Seven Year Itch",
			"year": "1998"
		}
	],
	"livealbums": [
		{
			"link": "http://www.progarchives.com/album.asp?id=13082",
			"result": 5.733630301529776,
			"title": "Belle Illusion",
			"year": "2004"
		},
		{
			"link": "http://www.progarchives.com/album.asp?id=13381",
			"result": 3.188477030575748,
			"title": "Instants",
			"year": "2004"
		}
	]
}