{
	"title": "SINCLAIR, RICHARD",
	"studioalbums": [
		{
			"link": "http://www.progarchives.com/album.asp?id=13820",
			"result": 10.293171369683193,
			"title": "Caravan Of Dreams",
			"year": "1992"
		},
		{
			"link": "http://www.progarchives.com/album.asp?id=13822",
			"result": 8.063814198823925,
			"title": "R.S.V.P.",
			"year": "1994"
		}
	],
	"livealbums": [
		{
			"link": "http://www.progarchives.com/album.asp?id=13821",
			"result": 3.295836866004329,
			"title": "An Evening Of Magic",
			"year": "1993"
		},
		{
			"link": "http://www.progarchives.com/album.asp?id=13823",
			"title": "Live Tracks",
			"year": "2002"
		},
		{
			"link": "http://www.progarchives.com/album.asp?id=13824",
			"result": 0,
			"title": "What In The World",
			"year": "2002"
		}
	]
}