{
	"title": "SOFT HEAP",
	"studioalbums": [
		{
			"link": "http://www.progarchives.com/album.asp?id=12049",
			"result": 13.021744473022194,
			"title": "Soft Heap",
			"year": "1978"
		}
	],
	"livealbums": [
		{
			"link": "http://www.progarchives.com/album.asp?id=16396",
			"result": 11.090354888959125,
			"title": "Rogue Element (as Soft Head)",
			"year": "1978"
		},
		{
			"link": "http://www.progarchives.com/album.asp?id=12050",
			"result": 3.295836866004329,
			"title": "A Veritable Centaur",
			"year": "1995"
		},
		{
			"link": "http://www.progarchives.com/album.asp?id=20336",
			"result": 4.0672939951476845,
			"title": "Al Dente",
			"year": "2008"
		}
	]
}