{
	"title": "SOFT MACHINE, THE",
	"studioalbums": [
		{
			"link": "http://www.progarchives.com/album.asp?id=3235",
			"result": 24.761068105526352,
			"title": "The Soft Machine",
			"year": "1968"
		},
		{
			"link": "http://www.progarchives.com/album.asp?id=3236",
			"result": 24.30366159885289,
			"title": "Volume Two",
			"year": "1969"
		},
		{
			"link": "http://www.progarchives.com/album.asp?id=3237",
			"result": 28.424991660102616,
			"title": "Third",
			"year": "1970"
		},
		{
			"link": "http://www.progarchives.com/album.asp?id=3238",
			"result": 19.719164874631264,
			"title": "Fourth",
			"year": "1971"
		},
		{
			"link": "http://www.progarchives.com/album.asp?id=3239",
			"result": 18.168097152106,
			"title": "Fifth [Aka: 5]",
			"year": "1972"
		},
		{
			"link": "http://www.progarchives.com/album.asp?id=3240",
			"result": 18.35028659651004,
			"title": "Six",
			"year": "1973"
		},
		{
			"link": "http://www.progarchives.com/album.asp?id=3241",
			"result": 19.56813134737295,
			"title": "Seven",
			"year": "1973"
		},
		{
			"link": "http://www.progarchives.com/album.asp?id=3243",
			"result": 22.76378274709581,
			"title": "Bundles",
			"year": "1975"
		},
		{
			"link": "http://www.progarchives.com/album.asp?id=3244",
			"result": 19.866221187076047,
			"title": "Softs",
			"year": "1976"
		},
		{
			"link": "http://www.progarchives.com/album.asp?id=3245",
			"result": 7.734153047498669,
			"title": "Karl Jenkins: Rubber Riff",
			"year": "1976"
		},
		{
			"link": "http://www.progarchives.com/album.asp?id=3249",
			"result": 14.362475228346138,
			"title": "Land Of Cockayne",
			"year": "1981"
		}
	],
	"livealbums": [
		{
			"link": "http://www.progarchives.com/album.asp?id=3248",
			"result": 11.60077723389629,
			"title": "Alive & Well - Recorded in Paris",
			"year": "1978"
		},
		{
			"link": "http://www.progarchives.com/album.asp?id=3250",
			"result": 10.71146981451407,
			"title": "Live at the Proms (1970)",
			"year": "1988"
		},
		{
			"link": "http://www.progarchives.com/album.asp?id=3252",
			"result": 13.570202194845491,
			"title": "The Peel Sessions",
			"year": "1990"
		},
		{
			"link": "http://www.progarchives.com/album.asp?id=3253",
			"result": 12.097820979120042,
			"title": "BBC Live In Concert 1971",
			"year": "1993"
		},
		{
			"link": "http://www.progarchives.com/album.asp?id=3254",
			"result": 9.938544238045111,
			"title": "BBC Radio 1 Live In Concert 1972",
			"year": "1994"
		},
		{
			"link": "http://www.progarchives.com/album.asp?id=3255",
			"result": 13.39255009749207,
			"title": "Live At The Paradiso",
			"year": "1995"
		},
		{
			"link": "http://www.progarchives.com/album.asp?id=3257",
			"result": 10.07736926886453,
			"title": "Live In France (Paris)",
			"year": "1995"
		},
		{
			"link": "http://www.progarchives.com/album.asp?id=3258",
			"result": 13.259020072287607,
			"title": "Virtually",
			"year": "1998"
		},
		{
			"link": "http://www.progarchives.com/album.asp?id=3259",
			"result": 7.848000963035719,
			"title": "Live 1970",
			"year": "1998"
		},
		{
			"link": "http://www.progarchives.com/album.asp?id=3260",
			"result": 16.002530325188008,
			"title": "Noisette",
			"year": "2000"
		},
		{
			"link": "http://www.progarchives.com/album.asp?id=3261",
			"result": 11.396139424799197,
			"title": "Backwards",
			"year": "2002"
		},
		{
			"link": "http://www.progarchives.com/album.asp?id=3262",
			"result": 2.6586417385768257,
			"title": "Facelift",
			"year": "2002"
		},
		{
			"link": "http://www.progarchives.com/album.asp?id=5365",
			"result": 14.317023729941615,
			"title": "BBC - Radio 1967 - 1971",
			"year": "2003"
		},
		{
			"link": "http://www.progarchives.com/album.asp?id=5366",
			"result": 13.133013365462258,
			"title": "BBC Radio 1971 - 1974",
			"year": "2003"
		},
		{
			"link": "http://www.progarchives.com/album.asp?id=9188",
			"result": 5.8377304471659395,
			"title": "Somewhere In Soho",
			"year": "2004"
		},
		{
			"link": "http://www.progarchives.com/album.asp?id=22355",
			"result": 8.895965806241042,
			"title": "Soft Stage BBC In Concert 1972",
			"year": "2005"
		},
		{
			"link": "http://www.progarchives.com/album.asp?id=47954",
			"result": 0,
			"title": "Orange Skin Food",
			"year": "2005"
		},
		{
			"link": "http://www.progarchives.com/album.asp?id=8764",
			"result": 8.274739143794042,
			"title": "Breda Reactor",
			"year": "2005"
		},
		{
			"link": "http://www.progarchives.com/album.asp?id=8766",
			"result": 8.840842054211116,
			"title": "Soft Machine & Heavy Friends BBC In Concert 1971",
			"year": "2005"
		},
		{
			"link": "http://www.progarchives.com/album.asp?id=9182",
			"result": 12.695699183767527,
			"title": "British Tour '75",
			"year": "2005"
		},
		{
			"link": "http://www.progarchives.com/album.asp?id=10803",
			"result": 13.721488068048052,
			"title": "Floating World Live (Bremen 1975)",
			"year": "2006"
		},
		{
			"link": "http://www.progarchives.com/album.asp?id=12271",
			"result": 17.424984798944095,
			"title": "Grides",
			"year": "2006"
		},
		{
			"link": "http://www.progarchives.com/album.asp?id=12600",
			"result": 7.596652566249416,
			"title": "Middle Earth Masters",
			"year": "2006"
		},
		{
			"link": "http://www.progarchives.com/album.asp?id=20611",
			"result": 9.285793435056439,
			"title": "Drop",
			"year": "2008"
		},
		{
			"link": "http://www.progarchives.com/album.asp?id=25719",
			"result": 13.137720764743138,
			"title": "Live At Henie Onstad Art Centre",
			"year": "2009"
		},
		{
			"link": "http://www.progarchives.com/album.asp?id=29146",
			"result": 13.365453501605826,
			"title": "NDR Jazz Workshop, Germany, May 17, 1973",
			"year": "2010"
		},
		{
			"link": "http://www.progarchives.com/album.asp?id=47952",
			"title": "Daevid Allen & Gilli Smyth With The Soft Machine Family: Live At The Roundhouse 1971",
			"year": "2012"
		},
		{
			"link": "http://www.progarchives.com/album.asp?id=52309",
			"result": 6.5021291662337655,
			"title": "Switzerland 1974",
			"year": "2015"
		}
	]
}