{
	"title": "SOFT MACHINE LEGACY",
	"studioalbums": [
		{
			"link": "http://www.progarchives.com/album.asp?id=12848",
			"result": 10.284564438924065,
			"title": "Soft Machine Legacy",
			"year": "2006"
		},
		{
			"link": "http://www.progarchives.com/album.asp?id=16480",
			"result": 11.44740436584007,
			"title": "Steam",
			"year": "2007"
		},
		{
			"link": "http://www.progarchives.com/album.asp?id=40975",
			"result": 13.32169380918729,
			"title": "Burden Of Proof",
			"year": "2013"
		}
	],
	"livealbums": [
		{
			"link": "http://www.progarchives.com/album.asp?id=8069",
			"result": 7.21566214962903,
			"title": "Live in Zaandam",
			"year": "2005"
		},
		{
			"link": "http://www.progarchives.com/album.asp?id=12987",
			"result": 7.16703787691222,
			"title": "Live at the New Morning",
			"year": "2006"
		},
		{
			"link": "http://www.progarchives.com/album.asp?id=30490",
			"result": 9.591739668181681,
			"title": "Live Adventures",
			"year": "2010"
		}
	]
}