{
	"title": "SUPERSISTER",
	"studioalbums": [
		{
			"link": "http://www.progarchives.com/album.asp?id=3654",
			"result": 20.8900394728941,
			"title": "Present From Nancy",
			"year": "1970"
		},
		{
			"link": "http://www.progarchives.com/album.asp?id=3655",
			"result": 22.658359941862614,
			"title": "To The Highest Bidder",
			"year": "1971"
		},
		{
			"link": "http://www.progarchives.com/album.asp?id=3656",
			"result": 18.353526793389356,
			"title": "Pudding En Gisteren [Aka: Pudding & Yesterday]",
			"year": "1972"
		},
		{
			"link": "http://www.progarchives.com/album.asp?id=3658",
			"result": 15.586019334104497,
			"title": "Iskander",
			"year": "1973"
		},
		{
			"link": "http://www.progarchives.com/album.asp?id=3659",
			"result": 13.442557535846728,
			"title": "Sweet Okay Supersister: Spiral Staircase",
			"year": "1974"
		}
	],
	"livealbums": [
		{
			"link": "http://www.progarchives.com/album.asp?id=3661",
			"result": 10.001243104518442,
			"title": "Supersisterious",
			"year": "2001"
		},
		{
			"link": "http://www.progarchives.com/album.asp?id=49207",
			"result": 5.966559032529423,
			"title": "Long Live Supersister!",
			"year": "2013"
		}
	]
}