{
	"title": "WYATT, ROBERT",
	"studioalbums": [
		{
			"link": "http://www.progarchives.com/album.asp?id=5363",
			"result": 15.05201139943135,
			"title": "The End Of An Ear",
			"year": "1970"
		},
		{
			"link": "http://www.progarchives.com/album.asp?id=5370",
			"result": 28.355977876924044,
			"title": "Rock Bottom",
			"year": "1974"
		},
		{
			"link": "http://www.progarchives.com/album.asp?id=5371",
			"result": 16.293816670392285,
			"title": "Ruth Is Stranger Than Richard",
			"year": "1975"
		},
		{
			"link": "http://www.progarchives.com/album.asp?id=5375",
			"result": 15.654373586203358,
			"title": "Old Rottenhat",
			"year": "1985"
		},
		{
			"link": "http://www.progarchives.com/album.asp?id=5377",
			"result": 16.283557359476603,
			"title": "Dondestan",
			"year": "1991"
		},
		{
			"link": "http://www.progarchives.com/album.asp?id=5382",
			"result": 18.125640730347616,
			"title": "Shleep",
			"year": "1997"
		},
		{
			"link": "http://www.progarchives.com/album.asp?id=5384",
			"result": 15.145321827253818,
			"title": "Cuckooland",
			"year": "2003"
		},
		{
			"link": "http://www.progarchives.com/album.asp?id=16787",
			"result": 16.076324356720967,
			"title": "Comicopera",
			"year": "2007"
		},
		{
			"link": "http://www.progarchives.com/album.asp?id=25654",
			"result": 7.877154079827961,
			"title": "Radio Experiment Rome, February 1981",
			"year": "2009"
		},
		{
			"link": "http://www.progarchives.com/album.asp?id=31146",
			"result": 9.953427335333075,
			"title": "Wyatt/Atzmon/Stephen: For The Ghosts Within",
			"year": "2010"
		},
		{
			"link": "http://www.progarchives.com/album.asp?id=42654",
			"result": 12.326429878856192,
			"title": "'68",
			"year": "2013"
		}
	],
	"livealbums": [
		{
			"link": "http://www.progarchives.com/album.asp?id=9509",
			"result": 16.78681270511061,
			"title": "Theatre Royal Drury Lane",
			"year": "2005"
		}
	]
}